,id,track,levelpath,demon1Name,demon1ID,demon2Name,demon2ID,demon3Name,demon3ID,demon4Name,demon4ID,demon5Name,demon5ID,demon6Name,demon6ID,demon7Name,demon7ID,demon8Name,demon8ID,demon9Name,demon9ID
0,0,0,b'0\x00\x00\x00\x00\x00\x00\x00\x00\x00\x00\x00\x00\x00\x00\x00\x00\x00\x00\x00\x00\x00\x00\x00\x00\x00\x00\x00\x00\x00\x00\x00',Abaddon,84,NOT USED:CHR_NAME_000,0,NOT USED:CHR_NAME_000,0,NOT USED:CHR_NAME_000,0,NOT USED:CHR_NAME_000,0,NOT USED:CHR_NAME_000,0,NOT USED:CHR_NAME_000,0,NOT USED:CHR_NAME_000,0,NOT USED:CHR_NAME_000,0
1,1,5,b'0\x00\x00\x00\x00\x00\x00\x00\x00\x00\x00\x00\x00\x00\x00\x00\x00\x00\x00\x00\x00\x00\x00\x00\x00\x00\x00\x00\x00\x00\x00\x00',Shohei Yakumo,465,NOT USED:CHR_NAME_000,0,NOT USED:CHR_NAME_000,0,NOT USED:CHR_NAME_000,0,NOT USED:CHR_NAME_000,0,NOT USED:CHR_NAME_000,0,NOT USED:CHR_NAME_000,0,NOT USED:CHR_NAME_000,0,NOT USED:CHR_NAME_000,0
2,2,12,b'0\x00\x00\x00\x00\x00\x00\x00\x00\x00\x00\x00\x00\x00\x00\x00\x00\x00\x00\x00\x00\x00\x00\x00\x00\x00\x00\x00\x00\x00\x00\x00',Chernobog,466,NOT USED:CHR_NAME_000,0,NOT USED:CHR_NAME_000,0,NOT USED:CHR_NAME_000,0,NOT USED:CHR_NAME_000,0,NOT USED:CHR_NAME_000,0,NOT USED:CHR_NAME_000,0,NOT USED:CHR_NAME_000,0,NOT USED:CHR_NAME_000,0
3,3,24,b'0\x00\x00\x00\x00\x00\x00\x00\x00\x00\x00\x00\x00\x00\x00\x00\x00\x00\x00\x00\x00\x00\x00\x00\x00\x00\x00\x00\x00\x00\x00\x00',Okuninushi,822,Sukuna-Hikona,823,Take-Minakata,824,Oyamatsumi,825,NOT USED:CHR_NAME_000,0,NOT USED:CHR_NAME_000,0,NOT USED:CHR_NAME_000,0,NOT USED:CHR_NAME_000,0,NOT USED:CHR_NAME_000,0
4,4,6,b'0\x00\x00\x00\x00\x00\x00\x00\x00\x00\x00\x00\x00\x00\x00\x00\x00\x00\x00\x00\x00\x00\x00\x00\x00\x00\x00\x00\x00\x00\x00\x00',Camael,814,Power,815,Power,815,NOT USED:CHR_NAME_000,0,NOT USED:CHR_NAME_000,0,NOT USED:CHR_NAME_000,0,NOT USED:CHR_NAME_000,0,NOT USED:CHR_NAME_000,0,NOT USED:CHR_NAME_000,0
5,5,12,b'Boss/LV_BattleBoss_Moloch\x00\x00\x00\x00\x00\x00\x00',Moloch,816,Orobas,817,Orobas,817,Flauros,818,NOT USED:CHR_NAME_000,0,NOT USED:CHR_NAME_000,0,NOT USED:CHR_NAME_000,0,NOT USED:CHR_NAME_000,0,NOT USED:CHR_NAME_000,0
6,6,18,b'Boss/LV_BattleBoss_Lucifer\x00\x00\x00\x00\x00\x00',Lucifer,529,NOT USED:CHR_NAME_000,0,NOT USED:CHR_NAME_000,0,NOT USED:CHR_NAME_000,0,NOT USED:CHR_NAME_000,0,NOT USED:CHR_NAME_000,0,NOT USED:CHR_NAME_000,0,NOT USED:CHR_NAME_000,0,NOT USED:CHR_NAME_000,0
7,7,0,b'0\x00\x00\x00\x00\x00\x00\x00\x00\x00\x00\x00\x00\x00\x00\x00\x00\x00\x00\x00\x00\x00\x00\x00\x00\x00\x00\x00\x00\x00\x00\x00',Pixie,59,NOT USED:CHR_NAME_000,0,NOT USED:CHR_NAME_000,0,NOT USED:CHR_NAME_000,0,NOT USED:CHR_NAME_000,0,NOT USED:CHR_NAME_000,0,NOT USED:CHR_NAME_000,0,NOT USED:CHR_NAME_000,0,NOT USED:CHR_NAME_000,0
8,8,5,b'0\x00\x00\x00\x00\x00\x00\x00\x00\x00\x00\x00\x00\x00\x00\x00\x00\x00\x00\x00\x00\x00\x00\x00\x00\x00\x00\x00\x00\x00\x00\x00',Abdiel,467,NOT USED:CHR_NAME_000,0,NOT USED:CHR_NAME_000,0,NOT USED:CHR_NAME_000,0,NOT USED:CHR_NAME_000,0,NOT USED:CHR_NAME_000,0,NOT USED:CHR_NAME_000,0,NOT USED:CHR_NAME_000,0,Khonsu Ra,15
9,9,23,b'0\x00\x00\x00\x00\x00\x00\x00\x00\x00\x00\x00\x00\x00\x00\x00\x00\x00\x00\x00\x00\x00\x00\x00\x00\x00\x00\x00\x00\x00\x00\x00',Vasuki,468,NOT USED:CHR_NAME_000,0,NOT USED:CHR_NAME_000,0,NOT USED:CHR_NAME_000,0,NOT USED:CHR_NAME_000,0,NOT USED:CHR_NAME_000,0,NOT USED:CHR_NAME_000,0,NOT USED:CHR_NAME_000,0,NOT USED:CHR_NAME_000,0
10,10,13,b'0\x00\x00\x00\x00\x00\x00\x00\x00\x00\x00\x00\x00\x00\x00\x00\x00\x00\x00\x00\x00\x00\x00\x00\x00\x00\x00\x00\x00\x00\x00\x00',Zeus,469,NOT USED:CHR_NAME_000,0,NOT USED:CHR_NAME_000,0,NOT USED:CHR_NAME_000,0,NOT USED:CHR_NAME_000,0,NOT USED:CHR_NAME_000,0,NOT USED:CHR_NAME_000,0,NOT USED:CHR_NAME_000,0,NOT USED:CHR_NAME_000,0
11,11,13,b'0\x00\x00\x00\x00\x00\x00\x00\x00\x00\x00\x00\x00\x00\x00\x00\x00\x00\x00\x00\x00\x00\x00\x00\x00\x00\x00\x00\x00\x00\x00\x00',Odin,470,NOT USED:CHR_NAME_000,0,NOT USED:CHR_NAME_000,0,NOT USED:CHR_NAME_000,0,NOT USED:CHR_NAME_000,0,NOT USED:CHR_NAME_000,0,NOT USED:CHR_NAME_000,0,NOT USED:CHR_NAME_000,0,NOT USED:CHR_NAME_000,0
12,12,18,b'Boss/LV_BattleBoss_Lucifer2\x00\x00\x00\x00\x00',Lucifer,537,NOT USED:CHR_NAME_000,0,NOT USED:CHR_NAME_000,0,NOT USED:CHR_NAME_000,0,NOT USED:CHR_NAME_000,0,NOT USED:CHR_NAME_000,0,NOT USED:CHR_NAME_000,0,NOT USED:CHR_NAME_000,0,NOT USED:CHR_NAME_000,0
13,13,255,b'0\x00\x00\x00\x00\x00\x00\x00\x00\x00\x00\x00\x00\x00\x00\x00\x00\x00\x00\x00\x00\x00\x00\x00\x00\x00\x00\x00\x00\x00\x00\x00',Melchizedek,471,Melchizedek,476,Melchizedek,476,NOT USED:CHR_NAME_000,0,NOT USED:CHR_NAME_000,0,NOT USED:CHR_NAME_000,0,NOT USED:CHR_NAME_000,0,NOT USED:CHR_NAME_000,0,NOT USED:CHR_NAME_000,0
14,14,255,b'0\x00\x00\x00\x00\x00\x00\x00\x00\x00\x00\x00\x00\x00\x00\x00\x00\x00\x00\x00\x00\x00\x00\x00\x00\x00\x00\x00\x00\x00\x00\x00',Sraosha,472,NOT USED:CHR_NAME_000,0,NOT USED:CHR_NAME_000,0,NOT USED:CHR_NAME_000,0,NOT USED:CHR_NAME_000,0,NOT USED:CHR_NAME_000,0,NOT USED:CHR_NAME_000,0,NOT USED:CHR_NAME_000,0,NOT USED:CHR_NAME_000,0
15,15,255,b'Boss/LV_BattleBoss_Alilat\x00\x00\x00\x00\x00\x00\x00',Alilat,473,NOT USED:CHR_NAME_000,0,NOT USED:CHR_NAME_000,0,NOT USED:CHR_NAME_000,0,NOT USED:CHR_NAME_000,0,NOT USED:CHR_NAME_000,0,NOT USED:CHR_NAME_000,0,NOT USED:CHR_NAME_000,0,NOT USED:CHR_NAME_000,0
16,16,24,b'Boss/LV_BattleBoss_Arahabaki\x00\x00\x00\x00',Arahabaki,828,NOT USED:CHR_NAME_000,0,NOT USED:CHR_NAME_000,0,NOT USED:CHR_NAME_000,0,NOT USED:CHR_NAME_000,0,NOT USED:CHR_NAME_000,0,NOT USED:CHR_NAME_000,0,NOT USED:CHR_NAME_000,0,NOT USED:CHR_NAME_000,0
17,17,24,b'0\x00\x00\x00\x00\x00\x00\x00\x00\x00\x00\x00\x00\x00\x00\x00\x00\x00\x00\x00\x00\x00\x00\x00\x00\x00\x00\x00\x00\x00\x00\x00',Zouchouten,860,NOT USED:CHR_NAME_000,0,NOT USED:CHR_NAME_000,0,NOT USED:CHR_NAME_000,0,NOT USED:CHR_NAME_000,0,NOT USED:CHR_NAME_000,0,NOT USED:CHR_NAME_000,0,NOT USED:CHR_NAME_000,0,NOT USED:CHR_NAME_000,0
18,18,24,b'0\x00\x00\x00\x00\x00\x00\x00\x00\x00\x00\x00\x00\x00\x00\x00\x00\x00\x00\x00\x00\x00\x00\x00\x00\x00\x00\x00\x00\x00\x00\x00',Koumokuten,861,NOT USED:CHR_NAME_000,0,NOT USED:CHR_NAME_000,0,NOT USED:CHR_NAME_000,0,NOT USED:CHR_NAME_000,0,NOT USED:CHR_NAME_000,0,NOT USED:CHR_NAME_000,0,NOT USED:CHR_NAME_000,0,NOT USED:CHR_NAME_000,0
19,19,24,b'0\x00\x00\x00\x00\x00\x00\x00\x00\x00\x00\x00\x00\x00\x00\x00\x00\x00\x00\x00\x00\x00\x00\x00\x00\x00\x00\x00\x00\x00\x00\x00',Jikokuten,862,NOT USED:CHR_NAME_000,0,NOT USED:CHR_NAME_000,0,NOT USED:CHR_NAME_000,0,NOT USED:CHR_NAME_000,0,NOT USED:CHR_NAME_000,0,NOT USED:CHR_NAME_000,0,NOT USED:CHR_NAME_000,0,NOT USED:CHR_NAME_000,0
20,20,24,b'0\x00\x00\x00\x00\x00\x00\x00\x00\x00\x00\x00\x00\x00\x00\x00\x00\x00\x00\x00\x00\x00\x00\x00\x00\x00\x00\x00\x00\x00\x00\x00',Bishamonten,863,NOT USED:CHR_NAME_000,0,NOT USED:CHR_NAME_000,0,NOT USED:CHR_NAME_000,0,NOT USED:CHR_NAME_000,0,NOT USED:CHR_NAME_000,0,NOT USED:CHR_NAME_000,0,NOT USED:CHR_NAME_000,0,NOT USED:CHR_NAME_000,0
21,21,23,b'0\x00\x00\x00\x00\x00\x00\x00\x00\x00\x00\x00\x00\x00\x00\x00\x00\x00\x00\x00\x00\x00\x00\x00\x00\x00\x00\x00\x00\x00\x00\x00',Khonsu,516,NOT USED:CHR_NAME_000,0,NOT USED:CHR_NAME_000,0,NOT USED:CHR_NAME_000,0,NOT USED:CHR_NAME_000,0,NOT USED:CHR_NAME_000,0,NOT USED:CHR_NAME_000,0,NOT USED:CHR_NAME_000,0,NOT USED:CHR_NAME_000,0
22,22,22,b'0\x00\x00\x00\x00\x00\x00\x00\x00\x00\x00\x00\x00\x00\x00\x00\x00\x00\x00\x00\x00\x00\x00\x00\x00\x00\x00\x00\x00\x00\x00\x00',Asura,829,Mithras,830,NOT USED:CHR_NAME_000,0,NOT USED:CHR_NAME_000,0,NOT USED:CHR_NAME_000,0,NOT USED:CHR_NAME_000,0,NOT USED:CHR_NAME_000,0,NOT USED:CHR_NAME_000,0,NOT USED:CHR_NAME_000,0
23,23,13,b'0\x00\x00\x00\x00\x00\x00\x00\x00\x00\x00\x00\x00\x00\x00\x00\x00\x00\x00\x00\x00\x00\x00\x00\x00\x00\x00\x00\x00\x00\x00\x00',Amon,831,NOT USED:CHR_NAME_000,0,NOT USED:CHR_NAME_000,0,NOT USED:CHR_NAME_000,0,NOT USED:CHR_NAME_000,0,NOT USED:CHR_NAME_000,0,NOT USED:CHR_NAME_000,0,NOT USED:CHR_NAME_000,0,NOT USED:CHR_NAME_000,0
24,24,5,b'0\x00\x00\x00\x00\x00\x00\x00\x00\x00\x00\x00\x00\x00\x00\x00\x00\x00\x00\x00\x00\x00\x00\x00\x00\x00\x00\x00\x00\x00\x00\x00',Fionn mac Cumhaill,833,NOT USED:CHR_NAME_000,0,NOT USED:CHR_NAME_000,0,NOT USED:CHR_NAME_000,0,NOT USED:CHR_NAME_000,0,NOT USED:CHR_NAME_000,0,NOT USED:CHR_NAME_000,0,NOT USED:CHR_NAME_000,0,NOT USED:CHR_NAME_000,0
25,25,6,b'0\x00\x00\x00\x00\x00\x00\x00\x00\x00\x00\x00\x00\x00\x00\x00\x00\x00\x00\x00\x00\x00\x00\x00\x00\x00\x00\x00\x00\x00\x00\x00',Gabriel,836,Uriel,834,Raphael,835,NOT USED:CHR_NAME_000,0,NOT USED:CHR_NAME_000,0,NOT USED:CHR_NAME_000,0,NOT USED:CHR_NAME_000,0,NOT USED:CHR_NAME_000,0,NOT USED:CHR_NAME_000,0
26,26,23,b'0\x00\x00\x00\x00\x00\x00\x00\x00\x00\x00\x00\x00\x00\x00\x00\x00\x00\x00\x00\x00\x00\x00\x00\x00\x00\x00\x00\x00\x00\x00\x00',Baal,837,NOT USED:CHR_NAME_000,0,NOT USED:CHR_NAME_000,0,NOT USED:CHR_NAME_000,0,NOT USED:CHR_NAME_000,0,NOT USED:CHR_NAME_000,0,NOT USED:CHR_NAME_000,0,NOT USED:CHR_NAME_000,0,NOT USED:CHR_NAME_000,0
27,27,13,b'0\x00\x00\x00\x00\x00\x00\x00\x00\x00\x00\x00\x00\x00\x00\x00\x00\x00\x00\x00\x00\x00\x00\x00\x00\x00\x00\x00\x00\x00\x00\x00',Zeus,838,NOT USED:CHR_NAME_000,0,NOT USED:CHR_NAME_000,0,NOT USED:CHR_NAME_000,0,NOT USED:CHR_NAME_000,0,NOT USED:CHR_NAME_000,0,NOT USED:CHR_NAME_000,0,NOT USED:CHR_NAME_000,0,NOT USED:CHR_NAME_000,0
28,28,13,b'Boss/LV_BattleBoss_Kouryu\x00\x00\x00\x00\x00\x00\x00',Huang Long,839,NOT USED:CHR_NAME_000,0,NOT USED:CHR_NAME_000,0,NOT USED:CHR_NAME_000,0,NOT USED:CHR_NAME_000,0,NOT USED:CHR_NAME_000,0,NOT USED:CHR_NAME_000,0,NOT USED:CHR_NAME_000,0,NOT USED:CHR_NAME_000,0
29,29,22,b'0\x00\x00\x00\x00\x00\x00\x00\x00\x00\x00\x00\x00\x00\x00\x00\x00\x00\x00\x00\x00\x00\x00\x00\x00\x00\x00\x00\x00\x00\x00\x00',Belial,840,NOT USED:CHR_NAME_000,0,NOT USED:CHR_NAME_000,0,NOT USED:CHR_NAME_000,0,NOT USED:CHR_NAME_000,0,NOT USED:CHR_NAME_000,0,NOT USED:CHR_NAME_000,0,NOT USED:CHR_NAME_000,0,NOT USED:CHR_NAME_000,0
30,30,6,b'0\x00\x00\x00\x00\x00\x00\x00\x00\x00\x00\x00\x00\x00\x00\x00\x00\x00\x00\x00\x00\x00\x00\x00\x00\x00\x00\x00\x00\x00\x00\x00',Michael,841,NOT USED:CHR_NAME_000,0,NOT USED:CHR_NAME_000,0,NOT USED:CHR_NAME_000,0,NOT USED:CHR_NAME_000,0,NOT USED:CHR_NAME_000,0,NOT USED:CHR_NAME_000,0,NOT USED:CHR_NAME_000,0,NOT USED:CHR_NAME_000,0
31,31,6,b'Boss/LV_BattleBoss_Maria\x00\x00\x00\x00\x00\x00\x00\x00',Maria,842,NOT USED:CHR_NAME_000,0,NOT USED:CHR_NAME_000,0,NOT USED:CHR_NAME_000,0,NOT USED:CHR_NAME_000,0,NOT USED:CHR_NAME_000,0,NOT USED:CHR_NAME_000,0,NOT USED:CHR_NAME_000,0,NOT USED:CHR_NAME_000,0
32,32,13,b'0\x00\x00\x00\x00\x00\x00\x00\x00\x00\x00\x00\x00\x00\x00\x00\x00\x00\x00\x00\x00\x00\x00\x00\x00\x00\x00\x00\x00\x00\x00\x00',Daemon,430,NOT USED:CHR_NAME_000,0,NOT USED:CHR_NAME_000,0,NOT USED:CHR_NAME_000,0,NOT USED:CHR_NAME_000,0,NOT USED:CHR_NAME_000,0,NOT USED:CHR_NAME_000,0,NOT USED:CHR_NAME_000,0,NOT USED:CHR_NAME_000,0
33,33,22,b'Boss/LV_BattleBoss_EB0080\x00\x00\x00\x00\x00\x00\x00',Hydra,432,NOT USED:CHR_NAME_000,0,NOT USED:CHR_NAME_000,0,NOT USED:CHR_NAME_000,0,NOT USED:CHR_NAME_000,0,NOT USED:CHR_NAME_000,0,NOT USED:CHR_NAME_000,0,NOT USED:CHR_NAME_000,0,NOT USED:CHR_NAME_000,0
34,34,12,b'0\x00\x00\x00\x00\x00\x00\x00\x00\x00\x00\x00\x00\x00\x00\x00\x00\x00\x00\x00\x00\x00\x00\x00\x00\x00\x00\x00\x00\x00\x00\x00',Eligor,433,Andras,434,Andras,434,NOT USED:CHR_NAME_000,0,NOT USED:CHR_NAME_000,0,NOT USED:CHR_NAME_000,0,NOT USED:CHR_NAME_000,0,NOT USED:CHR_NAME_000,0,NOT USED:CHR_NAME_000,0
35,35,13,b'0\x00\x00\x00\x00\x00\x00\x00\x00\x00\x00\x00\x00\x00\x00\x00\x00\x00\x00\x00\x00\x00\x00\x00\x00\x00\x00\x00\x00\x00\x00\x00',Nuwa,435,NOT USED:CHR_NAME_000,0,NOT USED:CHR_NAME_000,0,NOT USED:CHR_NAME_000,0,NOT USED:CHR_NAME_000,0,NOT USED:CHR_NAME_000,0,NOT USED:CHR_NAME_000,0,NOT USED:CHR_NAME_000,0,NOT USED:CHR_NAME_000,0
36,36,24,b'0\x00\x00\x00\x00\x00\x00\x00\x00\x00\x00\x00\x00\x00\x00\x00\x00\x00\x00\x00\x00\x00\x00\x00\x00\x00\x00\x00\x00\x00\x00\x00',Pazuzu,801,NOT USED:CHR_NAME_000,0,NOT USED:CHR_NAME_000,0,NOT USED:CHR_NAME_000,0,NOT USED:CHR_NAME_000,0,NOT USED:CHR_NAME_000,0,NOT USED:CHR_NAME_000,0,NOT USED:CHR_NAME_000,0,NOT USED:CHR_NAME_000,0
37,37,20,b'0\x00\x00\x00\x00\x00\x00\x00\x00\x00\x00\x00\x00\x00\x00\x00\x00\x00\x00\x00\x00\x00\x00\x00\x00\x00\x00\x00\x00\x00\x00\x00',Anahita,803,NOT USED:CHR_NAME_000,0,NOT USED:CHR_NAME_000,0,NOT USED:CHR_NAME_000,0,NOT USED:CHR_NAME_000,0,NOT USED:CHR_NAME_000,0,NOT USED:CHR_NAME_000,0,NOT USED:CHR_NAME_000,0,NOT USED:CHR_NAME_000,0
38,38,13,b'0\x00\x00\x00\x00\x00\x00\x00\x00\x00\x00\x00\x00\x00\x00\x00\x00\x00\x00\x00\x00\x00\x00\x00\x00\x00\x00\x00\x00\x00\x00\x00',Khonsu Ra,519,NOT USED:CHR_NAME_000,0,NOT USED:CHR_NAME_000,0,NOT USED:CHR_NAME_000,0,NOT USED:CHR_NAME_000,0,NOT USED:CHR_NAME_000,0,NOT USED:CHR_NAME_000,0,NOT USED:CHR_NAME_000,0,NOT USED:CHR_NAME_000,0
39,39,16,b'Boss/LV_BattleBoss_Test_KaruAb\x00\x00',Abdiel,525,Depraved Arm,526,Depraved Wing,527,NOT USED:CHR_NAME_000,0,NOT USED:CHR_NAME_000,0,NOT USED:CHR_NAME_000,0,NOT USED:CHR_NAME_000,0,NOT USED:CHR_NAME_000,0,NOT USED:CHR_NAME_000,0
40,40,17,b'Boss/LV_BattleBoss_Test_Kichijo\x00',Nuwa,520,Thunder Bit,521,Thunder Bit,522,Thunder Bit,523,Thunder Bit,524,NOT USED:CHR_NAME_000,0,NOT USED:CHR_NAME_000,0,NOT USED:CHR_NAME_000,0,NOT USED:CHR_NAME_000,0
41,41,15,b'0\x00\x00\x00\x00\x00\x00\x00\x00\x00\x00\x00\x00\x00\x00\x00\x00\x00\x00\x00\x00\x00\x00\x00\x00\x00\x00\x00\x00\x00\x00\x00',Tsukuyomi,528,NOT USED:CHR_NAME_000,0,NOT USED:CHR_NAME_000,0,NOT USED:CHR_NAME_000,0,NOT USED:CHR_NAME_000,0,NOT USED:CHR_NAME_000,0,NOT USED:CHR_NAME_000,0,NOT USED:CHR_NAME_000,0,NOT USED:CHR_NAME_000,0
42,42,13,b'0\x00\x00\x00\x00\x00\x00\x00\x00\x00\x00\x00\x00\x00\x00\x00\x00\x00\x00\x00\x00\x00\x00\x00\x00\x00\x00\x00\x00\x00\x00\x00',Cleopatra,295,NOT USED:CHR_NAME_000,0,NOT USED:CHR_NAME_000,0,NOT USED:CHR_NAME_000,0,NOT USED:CHR_NAME_000,0,NOT USED:CHR_NAME_000,0,NOT USED:CHR_NAME_000,0,NOT USED:CHR_NAME_000,0,NOT USED:CHR_NAME_000,0
43,43,0,b'0\x00\x00\x00\x00\x00\x00\x00\x00\x00\x00\x00\x00\x00\x00\x00\x00\x00\x00\x00\x00\x00\x00\x00\x00\x00\x00\x00\x00\x00\x00\x00',Preta,910,NOT USED:CHR_NAME_000,0,NOT USED:CHR_NAME_000,0,NOT USED:CHR_NAME_000,0,NOT USED:CHR_NAME_000,0,NOT USED:CHR_NAME_000,0,NOT USED:CHR_NAME_000,0,NOT USED:CHR_NAME_000,0,NOT USED:CHR_NAME_000,0
44,44,0,b'0\x00\x00\x00\x00\x00\x00\x00\x00\x00\x00\x00\x00\x00\x00\x00\x00\x00\x00\x00\x00\x00\x00\x00\x00\x00\x00\x00\x00\x00\x00\x00',Preta,911,NOT USED:CHR_NAME_000,0,NOT USED:CHR_NAME_000,0,NOT USED:CHR_NAME_000,0,NOT USED:CHR_NAME_000,0,NOT USED:CHR_NAME_000,0,NOT USED:CHR_NAME_000,0,NOT USED:CHR_NAME_000,0,NOT USED:CHR_NAME_000,0
45,45,0,b'0\x00\x00\x00\x00\x00\x00\x00\x00\x00\x00\x00\x00\x00\x00\x00\x00\x00\x00\x00\x00\x00\x00\x00\x00\x00\x00\x00\x00\x00\x00\x00',Preta,912,NOT USED:CHR_NAME_000,0,NOT USED:CHR_NAME_000,0,NOT USED:CHR_NAME_000,0,NOT USED:CHR_NAME_000,0,NOT USED:CHR_NAME_000,0,NOT USED:CHR_NAME_000,0,NOT USED:CHR_NAME_000,0,NOT USED:CHR_NAME_000,0
46,46,0,b'0\x00\x00\x00\x00\x00\x00\x00\x00\x00\x00\x00\x00\x00\x00\x00\x00\x00\x00\x00\x00\x00\x00\x00\x00\x00\x00\x00\x00\x00\x00\x00',Preta,913,NOT USED:CHR_NAME_000,0,NOT USED:CHR_NAME_000,0,NOT USED:CHR_NAME_000,0,NOT USED:CHR_NAME_000,0,NOT USED:CHR_NAME_000,0,NOT USED:CHR_NAME_000,0,NOT USED:CHR_NAME_000,0,NOT USED:CHR_NAME_000,0
47,47,0,b'0\x00\x00\x00\x00\x00\x00\x00\x00\x00\x00\x00\x00\x00\x00\x00\x00\x00\x00\x00\x00\x00\x00\x00\x00\x00\x00\x00\x00\x00\x00\x00',Preta,910,Preta,911,Preta,912,Preta,913,NOT USED:CHR_NAME_000,0,NOT USED:CHR_NAME_000,0,NOT USED:CHR_NAME_000,0,NOT USED:CHR_NAME_000,0,NOT USED:CHR_NAME_000,0
48,48,0,b'0\x00\x00\x00\x00\x00\x00\x00\x00\x00\x00\x00\x00\x00\x00\x00\x00\x00\x00\x00\x00\x00\x00\x00\x00\x00\x00\x00\x00\x00\x00\x00',Andras,272,NOT USED:CHR_NAME_000,0,NOT USED:CHR_NAME_000,0,NOT USED:CHR_NAME_000,0,NOT USED:CHR_NAME_000,0,NOT USED:CHR_NAME_000,0,NOT USED:CHR_NAME_000,0,NOT USED:CHR_NAME_000,0,NOT USED:CHR_NAME_000,0
49,49,0,b'0\x00\x00\x00\x00\x00\x00\x00\x00\x00\x00\x00\x00\x00\x00\x00\x00\x00\x00\x00\x00\x00\x00\x00\x00\x00\x00\x00\x00\x00\x00\x00',Mandrake,899,NOT USED:CHR_NAME_000,0,NOT USED:CHR_NAME_000,0,NOT USED:CHR_NAME_000,0,NOT USED:CHR_NAME_000,0,NOT USED:CHR_NAME_000,0,NOT USED:CHR_NAME_000,0,NOT USED:CHR_NAME_000,0,NOT USED:CHR_NAME_000,0
50,50,0,b'0\x00\x00\x00\x00\x00\x00\x00\x00\x00\x00\x00\x00\x00\x00\x00\x00\x00\x00\x00\x00\x00\x00\x00\x00\x00\x00\x00\x00\x00\x00\x00',Attis,898,NOT USED:CHR_NAME_000,0,NOT USED:CHR_NAME_000,0,NOT USED:CHR_NAME_000,0,NOT USED:CHR_NAME_000,0,NOT USED:CHR_NAME_000,0,NOT USED:CHR_NAME_000,0,NOT USED:CHR_NAME_000,0,NOT USED:CHR_NAME_000,0
51,51,0,b'0\x00\x00\x00\x00\x00\x00\x00\x00\x00\x00\x00\x00\x00\x00\x00\x00\x00\x00\x00\x00\x00\x00\x00\x00\x00\x00\x00\x00\x00\x00\x00',Shiva,897,NOT USED:CHR_NAME_000,0,NOT USED:CHR_NAME_000,0,NOT USED:CHR_NAME_000,0,NOT USED:CHR_NAME_000,0,NOT USED:CHR_NAME_000,0,NOT USED:CHR_NAME_000,0,NOT USED:CHR_NAME_000,0,NOT USED:CHR_NAME_000,0
52,52,0,b'0\x00\x00\x00\x00\x00\x00\x00\x00\x00\x00\x00\x00\x00\x00\x00\x00\x00\x00\x00\x00\x00\x00\x00\x00\x00\x00\x00\x00\x00\x00\x00',King Frost,896,NOT USED:CHR_NAME_000,0,NOT USED:CHR_NAME_000,0,NOT USED:CHR_NAME_000,0,NOT USED:CHR_NAME_000,0,NOT USED:CHR_NAME_000,0,NOT USED:CHR_NAME_000,0,NOT USED:CHR_NAME_000,0,NOT USED:CHR_NAME_000,0
53,53,0,b'0\x00\x00\x00\x00\x00\x00\x00\x00\x00\x00\x00\x00\x00\x00\x00\x00\x00\x00\x00\x00\x00\x00\x00\x00\x00\x00\x00\x00\x00\x00\x00',Mandrake,899,Attis,898,Shiva,897,King Frost,896,NOT USED:CHR_NAME_000,0,NOT USED:CHR_NAME_000,0,NOT USED:CHR_NAME_000,0,NOT USED:CHR_NAME_000,0,NOT USED:CHR_NAME_000,0
54,54,5,b'0\x00\x00\x00\x00\x00\x00\x00\x00\x00\x00\x00\x00\x00\x00\x00\x00\x00\x00\x00\x00\x00\x00\x00\x00\x00\x00\x00\x00\x00\x00\x00',Anzu,439,Anzu,439,Lamia,440,Lamia,440,NOT USED:CHR_NAME_000,0,NOT USED:CHR_NAME_000,0,NOT USED:CHR_NAME_000,0,NOT USED:CHR_NAME_000,0,NOT USED:CHR_NAME_000,0
55,55,12,b'Boss/LV_BattleBoss_Lahmu1\x00\x00\x00\x00\x00\x00\x00',Lahmu,441,NOT USED:CHR_NAME_000,0,NOT USED:CHR_NAME_000,0,NOT USED:CHR_NAME_000,0,NOT USED:CHR_NAME_000,0,NOT USED:CHR_NAME_000,0,NOT USED:CHR_NAME_000,0,NOT USED:CHR_NAME_000,0,NOT USED:CHR_NAME_000,0
56,56,255,b'0\x00\x00\x00\x00\x00\x00\x00\x00\x00\x00\x00\x00\x00\x00\x00\x00\x00\x00\x00\x00\x00\x00\x00\x00\x00\x00\x00\x00\x00\x00\x00',Andras,443,Rakshasa,444,NOT USED:CHR_NAME_000,0,NOT USED:CHR_NAME_000,0,NOT USED:CHR_NAME_000,0,NOT USED:CHR_NAME_000,0,NOT USED:CHR_NAME_000,0,NOT USED:CHR_NAME_000,0,NOT USED:CHR_NAME_000,0
57,57,255,b'0\x00\x00\x00\x00\x00\x00\x00\x00\x00\x00\x00\x00\x00\x00\x00\x00\x00\x00\x00\x00\x00\x00\x00\x00\x00\x00\x00\x00\x00\x00\x00',Rakshasa,444,Incubus,445,NOT USED:CHR_NAME_000,0,NOT USED:CHR_NAME_000,0,NOT USED:CHR_NAME_000,0,NOT USED:CHR_NAME_000,0,NOT USED:CHR_NAME_000,0,NOT USED:CHR_NAME_000,0,NOT USED:CHR_NAME_000,0
58,58,255,b'0\x00\x00\x00\x00\x00\x00\x00\x00\x00\x00\x00\x00\x00\x00\x00\x00\x00\x00\x00\x00\x00\x00\x00\x00\x00\x00\x00\x00\x00\x00\x00',Incubus,445,Andras,443,NOT USED:CHR_NAME_000,0,NOT USED:CHR_NAME_000,0,NOT USED:CHR_NAME_000,0,NOT USED:CHR_NAME_000,0,NOT USED:CHR_NAME_000,0,NOT USED:CHR_NAME_000,0,NOT USED:CHR_NAME_000,0
59,59,255,b'0\x00\x00\x00\x00\x00\x00\x00\x00\x00\x00\x00\x00\x00\x00\x00\x00\x00\x00\x00\x00\x00\x00\x00\x00\x00\x00\x00\x00\x00\x00\x00',Rakshasa,444,Rakshasa,444,Andras,443,NOT USED:CHR_NAME_000,0,NOT USED:CHR_NAME_000,0,NOT USED:CHR_NAME_000,0,NOT USED:CHR_NAME_000,0,NOT USED:CHR_NAME_000,0,NOT USED:CHR_NAME_000,0
60,60,255,b'0\x00\x00\x00\x00\x00\x00\x00\x00\x00\x00\x00\x00\x00\x00\x00\x00\x00\x00\x00\x00\x00\x00\x00\x00\x00\x00\x00\x00\x00\x00\x00',Andras,443,Andras,443,Rakshasa,444,NOT USED:CHR_NAME_000,0,NOT USED:CHR_NAME_000,0,NOT USED:CHR_NAME_000,0,NOT USED:CHR_NAME_000,0,NOT USED:CHR_NAME_000,0,NOT USED:CHR_NAME_000,0
61,61,255,b'0\x00\x00\x00\x00\x00\x00\x00\x00\x00\x00\x00\x00\x00\x00\x00\x00\x00\x00\x00\x00\x00\x00\x00\x00\x00\x00\x00\x00\x00\x00\x00',Aitvaras,442,Aitvaras,442,Incubus,445,Incubus,445,NOT USED:CHR_NAME_000,0,NOT USED:CHR_NAME_000,0,NOT USED:CHR_NAME_000,0,NOT USED:CHR_NAME_000,0,NOT USED:CHR_NAME_000,0
62,62,255,b'0\x00\x00\x00\x00\x00\x00\x00\x00\x00\x00\x00\x00\x00\x00\x00\x00\x00\x00\x00\x00\x00\x00\x00\x00\x00\x00\x00\x00\x00\x00\x00',Tsuchigumo,449,Oni,446,NOT USED:CHR_NAME_000,0,NOT USED:CHR_NAME_000,0,NOT USED:CHR_NAME_000,0,NOT USED:CHR_NAME_000,0,NOT USED:CHR_NAME_000,0,NOT USED:CHR_NAME_000,0,NOT USED:CHR_NAME_000,0
63,63,255,b'0\x00\x00\x00\x00\x00\x00\x00\x00\x00\x00\x00\x00\x00\x00\x00\x00\x00\x00\x00\x00\x00\x00\x00\x00\x00\x00\x00\x00\x00\x00\x00',Oni,446,Rakshasa,444,NOT USED:CHR_NAME_000,0,NOT USED:CHR_NAME_000,0,NOT USED:CHR_NAME_000,0,NOT USED:CHR_NAME_000,0,NOT USED:CHR_NAME_000,0,NOT USED:CHR_NAME_000,0,NOT USED:CHR_NAME_000,0
64,64,255,b'0\x00\x00\x00\x00\x00\x00\x00\x00\x00\x00\x00\x00\x00\x00\x00\x00\x00\x00\x00\x00\x00\x00\x00\x00\x00\x00\x00\x00\x00\x00\x00',Manananggal,447,Incubus,445,NOT USED:CHR_NAME_000,0,NOT USED:CHR_NAME_000,0,NOT USED:CHR_NAME_000,0,NOT USED:CHR_NAME_000,0,NOT USED:CHR_NAME_000,0,NOT USED:CHR_NAME_000,0,NOT USED:CHR_NAME_000,0
65,65,255,b'0\x00\x00\x00\x00\x00\x00\x00\x00\x00\x00\x00\x00\x00\x00\x00\x00\x00\x00\x00\x00\x00\x00\x00\x00\x00\x00\x00\x00\x00\x00\x00',Shiki-Ouji,448,Aitvaras,442,Aitvaras,442,NOT USED:CHR_NAME_000,0,NOT USED:CHR_NAME_000,0,NOT USED:CHR_NAME_000,0,NOT USED:CHR_NAME_000,0,NOT USED:CHR_NAME_000,0,NOT USED:CHR_NAME_000,0
66,66,255,b'0\x00\x00\x00\x00\x00\x00\x00\x00\x00\x00\x00\x00\x00\x00\x00\x00\x00\x00\x00\x00\x00\x00\x00\x00\x00\x00\x00\x00\x00\x00\x00',Manananggal,447,Shiki-Ouji,448,Shiki-Ouji,448,NOT USED:CHR_NAME_000,0,NOT USED:CHR_NAME_000,0,NOT USED:CHR_NAME_000,0,NOT USED:CHR_NAME_000,0,NOT USED:CHR_NAME_000,0,NOT USED:CHR_NAME_000,0
67,67,12,b'0\x00\x00\x00\x00\x00\x00\x00\x00\x00\x00\x00\x00\x00\x00\x00\x00\x00\x00\x00\x00\x00\x00\x00\x00\x00\x00\x00\x00\x00\x00\x00',Loup-garou,450,NOT USED:CHR_NAME_000,0,NOT USED:CHR_NAME_000,0,NOT USED:CHR_NAME_000,0,NOT USED:CHR_NAME_000,0,NOT USED:CHR_NAME_000,0,NOT USED:CHR_NAME_000,0,NOT USED:CHR_NAME_000,0,NOT USED:CHR_NAME_000,0
68,68,5,b'0\x00\x00\x00\x00\x00\x00\x00\x00\x00\x00\x00\x00\x00\x00\x00\x00\x00\x00\x00\x00\x00\x00\x00\x00\x00\x00\x00\x00\x00\x00\x00',Fionn mac Cumhaill,451,NOT USED:CHR_NAME_000,0,NOT USED:CHR_NAME_000,0,NOT USED:CHR_NAME_000,0,NOT USED:CHR_NAME_000,0,NOT USED:CHR_NAME_000,0,NOT USED:CHR_NAME_000,0,NOT USED:CHR_NAME_000,0,NOT USED:CHR_NAME_000,0
69,69,12,b'Boss/LV_BattleBoss_E0490\x00\x00\x00\x00\x00\x00\x00\x00',Lahmu,452,Lahmu's Tentacle,424,Lahmu's Tentacle,424,Lahmu's Tentacle,424,Lahmu's Tentacle,424,Lahmu's Tentacle,424,Lahmu's Tentacle,424,NOT USED:CHR_NAME_000,0,NOT USED:CHR_NAME_000,0
70,70,13,b'Boss/LV_BattleBoss_E0491\x00\x00\x00\x00\x00\x00\x00\x00',Lahmu,453,NOT USED:CHR_NAME_000,0,NOT USED:CHR_NAME_000,0,NOT USED:CHR_NAME_000,0,NOT USED:CHR_NAME_000,0,NOT USED:CHR_NAME_000,0,NOT USED:CHR_NAME_000,0,NOT USED:CHR_NAME_000,0,NOT USED:CHR_NAME_000,0
71,71,2,b'0\x00\x00\x00\x00\x00\x00\x00\x00\x00\x00\x00\x00\x00\x00\x00\x00\x00\x00\x00\x00\x00\x00\x00\x00\x00\x00\x00\x00\x00\x00\x00',Shohei Yakumo,465,NOT USED:CHR_NAME_000,0,NOT USED:CHR_NAME_000,0,NOT USED:CHR_NAME_000,0,NOT USED:CHR_NAME_000,0,NOT USED:CHR_NAME_000,0,NOT USED:CHR_NAME_000,0,NOT USED:CHR_NAME_000,0,NOT USED:CHR_NAME_000,0
72,72,22,b'Boss/LV_BattleBoss_Belphegor\x00\x00\x00\x00',Belphegor,804,NOT USED:CHR_NAME_000,0,NOT USED:CHR_NAME_000,0,NOT USED:CHR_NAME_000,0,NOT USED:CHR_NAME_000,0,NOT USED:CHR_NAME_000,0,NOT USED:CHR_NAME_000,0,NOT USED:CHR_NAME_000,0,NOT USED:CHR_NAME_000,0
73,73,12,b'0\x00\x00\x00\x00\x00\x00\x00\x00\x00\x00\x00\x00\x00\x00\x00\x00\x00\x00\x00\x00\x00\x00\x00\x00\x00\x00\x00\x00\x00\x00\x00',Loki,810,NOT USED:CHR_NAME_000,0,NOT USED:CHR_NAME_000,0,NOT USED:CHR_NAME_000,0,NOT USED:CHR_NAME_000,0,NOT USED:CHR_NAME_000,0,NOT USED:CHR_NAME_000,0,NOT USED:CHR_NAME_000,0,NOT USED:CHR_NAME_000,0
74,74,22,b'Boss/LV_BattleBoss_Surt\x00\x00\x00\x00\x00\x00\x00\x00\x00',Surt,454,NOT USED:CHR_NAME_000,0,NOT USED:CHR_NAME_000,0,NOT USED:CHR_NAME_000,0,NOT USED:CHR_NAME_000,0,NOT USED:CHR_NAME_000,0,NOT USED:CHR_NAME_000,0,NOT USED:CHR_NAME_000,0,NOT USED:CHR_NAME_000,0
75,75,23,b'0\x00\x00\x00\x00\x00\x00\x00\x00\x00\x00\x00\x00\x00\x00\x00\x00\x00\x00\x00\x00\x00\x00\x00\x00\x00\x00\x00\x00\x00\x00\x00',Ishtar,455,NOT USED:CHR_NAME_000,0,NOT USED:CHR_NAME_000,0,NOT USED:CHR_NAME_000,0,NOT USED:CHR_NAME_000,0,NOT USED:CHR_NAME_000,0,NOT USED:CHR_NAME_000,0,NOT USED:CHR_NAME_000,0,NOT USED:CHR_NAME_000,0
76,76,23,b'0\x00\x00\x00\x00\x00\x00\x00\x00\x00\x00\x00\x00\x00\x00\x00\x00\x00\x00\x00\x00\x00\x00\x00\x00\x00\x00\x00\x00\x00\x00\x00',Ishtar,456,NOT USED:CHR_NAME_000,0,NOT USED:CHR_NAME_000,0,NOT USED:CHR_NAME_000,0,NOT USED:CHR_NAME_000,0,NOT USED:CHR_NAME_000,0,NOT USED:CHR_NAME_000,0,NOT USED:CHR_NAME_000,0,NOT USED:CHR_NAME_000,0
77,77,23,b'0\x00\x00\x00\x00\x00\x00\x00\x00\x00\x00\x00\x00\x00\x00\x00\x00\x00\x00\x00\x00\x00\x00\x00\x00\x00\x00\x00\x00\x00\x00\x00',Ishtar,457,NOT USED:CHR_NAME_000,0,NOT USED:CHR_NAME_000,0,NOT USED:CHR_NAME_000,0,NOT USED:CHR_NAME_000,0,NOT USED:CHR_NAME_000,0,NOT USED:CHR_NAME_000,0,NOT USED:CHR_NAME_000,0,NOT USED:CHR_NAME_000,0
78,78,23,b'0\x00\x00\x00\x00\x00\x00\x00\x00\x00\x00\x00\x00\x00\x00\x00\x00\x00\x00\x00\x00\x00\x00\x00\x00\x00\x00\x00\x00\x00\x00\x00',Ishtar,458,NOT USED:CHR_NAME_000,0,NOT USED:CHR_NAME_000,0,NOT USED:CHR_NAME_000,0,NOT USED:CHR_NAME_000,0,NOT USED:CHR_NAME_000,0,NOT USED:CHR_NAME_000,0,NOT USED:CHR_NAME_000,0,NOT USED:CHR_NAME_000,0
79,79,23,b'0\x00\x00\x00\x00\x00\x00\x00\x00\x00\x00\x00\x00\x00\x00\x00\x00\x00\x00\x00\x00\x00\x00\x00\x00\x00\x00\x00\x00\x00\x00\x00',Ishtar,459,NOT USED:CHR_NAME_000,0,NOT USED:CHR_NAME_000,0,NOT USED:CHR_NAME_000,0,NOT USED:CHR_NAME_000,0,NOT USED:CHR_NAME_000,0,NOT USED:CHR_NAME_000,0,NOT USED:CHR_NAME_000,0,NOT USED:CHR_NAME_000,0
80,80,23,b'0\x00\x00\x00\x00\x00\x00\x00\x00\x00\x00\x00\x00\x00\x00\x00\x00\x00\x00\x00\x00\x00\x00\x00\x00\x00\x00\x00\x00\x00\x00\x00',Ishtar,460,NOT USED:CHR_NAME_000,0,NOT USED:CHR_NAME_000,0,NOT USED:CHR_NAME_000,0,NOT USED:CHR_NAME_000,0,NOT USED:CHR_NAME_000,0,NOT USED:CHR_NAME_000,0,NOT USED:CHR_NAME_000,0,NOT USED:CHR_NAME_000,0
81,81,23,b'0\x00\x00\x00\x00\x00\x00\x00\x00\x00\x00\x00\x00\x00\x00\x00\x00\x00\x00\x00\x00\x00\x00\x00\x00\x00\x00\x00\x00\x00\x00\x00',Ishtar,461,NOT USED:CHR_NAME_000,0,NOT USED:CHR_NAME_000,0,NOT USED:CHR_NAME_000,0,NOT USED:CHR_NAME_000,0,NOT USED:CHR_NAME_000,0,NOT USED:CHR_NAME_000,0,NOT USED:CHR_NAME_000,0,NOT USED:CHR_NAME_000,0
82,82,23,b'0\x00\x00\x00\x00\x00\x00\x00\x00\x00\x00\x00\x00\x00\x00\x00\x00\x00\x00\x00\x00\x00\x00\x00\x00\x00\x00\x00\x00\x00\x00\x00',Ishtar,462,NOT USED:CHR_NAME_000,0,NOT USED:CHR_NAME_000,0,NOT USED:CHR_NAME_000,0,NOT USED:CHR_NAME_000,0,NOT USED:CHR_NAME_000,0,NOT USED:CHR_NAME_000,0,NOT USED:CHR_NAME_000,0,NOT USED:CHR_NAME_000,0
83,83,13,b'0\x00\x00\x00\x00\x00\x00\x00\x00\x00\x00\x00\x00\x00\x00\x00\x00\x00\x00\x00\x00\x00\x00\x00\x00\x00\x00\x00\x00\x00\x00\x00',Arioch,463,NOT USED:CHR_NAME_000,0,NOT USED:CHR_NAME_000,0,NOT USED:CHR_NAME_000,0,NOT USED:CHR_NAME_000,0,NOT USED:CHR_NAME_000,0,NOT USED:CHR_NAME_000,0,NOT USED:CHR_NAME_000,0,NOT USED:CHR_NAME_000,0
84,84,24,b'0\x00\x00\x00\x00\x00\x00\x00\x00\x00\x00\x00\x00\x00\x00\x00\x00\x00\x00\x00\x00\x00\x00\x00\x00\x00\x00\x00\x00\x00\x00\x00',Shiki-Ouji,820,NOT USED:CHR_NAME_000,0,NOT USED:CHR_NAME_000,0,NOT USED:CHR_NAME_000,0,NOT USED:CHR_NAME_000,0,NOT USED:CHR_NAME_000,0,NOT USED:CHR_NAME_000,0,NOT USED:CHR_NAME_000,0,NOT USED:CHR_NAME_000,0
85,85,25,b'Boss/LV_BattleBoss_Kingfrost\x00\x00\x00\x00',King Frost,821,NOT USED:CHR_NAME_000,0,NOT USED:CHR_NAME_000,0,NOT USED:CHR_NAME_000,0,NOT USED:CHR_NAME_000,0,NOT USED:CHR_NAME_000,0,NOT USED:CHR_NAME_000,0,NOT USED:CHR_NAME_000,0,NOT USED:CHR_NAME_000,0
86,86,24,b'0\x00\x00\x00\x00\x00\x00\x00\x00\x00\x00\x00\x00\x00\x00\x00\x00\x00\x00\x00\x00\x00\x00\x00\x00\x00\x00\x00\x00\x00\x00\x00',Danu,843,NOT USED:CHR_NAME_000,0,NOT USED:CHR_NAME_000,0,NOT USED:CHR_NAME_000,0,NOT USED:CHR_NAME_000,0,NOT USED:CHR_NAME_000,0,NOT USED:CHR_NAME_000,0,NOT USED:CHR_NAME_000,0,NOT USED:CHR_NAME_000,0
87,87,23,b'Boss/LV_BattleBoss_Inanna\x00\x00\x00\x00\x00\x00\x00',Inanna,844,NOT USED:CHR_NAME_000,0,NOT USED:CHR_NAME_000,0,NOT USED:CHR_NAME_000,0,NOT USED:CHR_NAME_000,0,NOT USED:CHR_NAME_000,0,NOT USED:CHR_NAME_000,0,NOT USED:CHR_NAME_000,0,NOT USED:CHR_NAME_000,0
88,88,9,b'Boss/LV_BattleBoss_Shiva\x00\x00\x00\x00\x00\x00\x00\x00',Shiva,845,NOT USED:CHR_NAME_000,0,NOT USED:CHR_NAME_000,0,NOT USED:CHR_NAME_000,0,NOT USED:CHR_NAME_000,0,NOT USED:CHR_NAME_000,0,NOT USED:CHR_NAME_000,0,NOT USED:CHR_NAME_000,0,NOT USED:CHR_NAME_000,0
89,89,31,b'0\x00\x00\x00\x00\x00\x00\x00\x00\x00\x00\x00\x00\x00\x00\x00\x00\x00\x00\x00\x00\x00\x00\x00\x00\x00\x00\x00\x00\x00\x00\x00',Demi-fiend,536,NOT USED:CHR_NAME_000,0,NOT USED:CHR_NAME_000,0,NOT USED:CHR_NAME_000,0,NOT USED:CHR_NAME_000,0,NOT USED:CHR_NAME_000,0,NOT USED:CHR_NAME_000,0,NOT USED:CHR_NAME_000,0,NOT USED:CHR_NAME_000,0
90,90,22,b'Boss/LV_BattleBoss_Oyamatsumi\x00\x00\x00',Oyamatsumi,826,NOT USED:CHR_NAME_000,0,NOT USED:CHR_NAME_000,0,NOT USED:CHR_NAME_000,0,NOT USED:CHR_NAME_000,0,NOT USED:CHR_NAME_000,0,NOT USED:CHR_NAME_000,0,NOT USED:CHR_NAME_000,0,NOT USED:CHR_NAME_000,0
91,91,20,b'Boss/LV_BattleBoss_Thunderbird\x00\x00',Thunderbird,808,NOT USED:CHR_NAME_000,0,NOT USED:CHR_NAME_000,0,NOT USED:CHR_NAME_000,0,NOT USED:CHR_NAME_000,0,NOT USED:CHR_NAME_000,0,NOT USED:CHR_NAME_000,0,NOT USED:CHR_NAME_000,0,NOT USED:CHR_NAME_000,0
92,92,22,b'Boss/LV_BattleBoss_Chimera\x00\x00\x00\x00\x00\x00',Chimera,812,NOT USED:CHR_NAME_000,0,NOT USED:CHR_NAME_000,0,NOT USED:CHR_NAME_000,0,NOT USED:CHR_NAME_000,0,NOT USED:CHR_NAME_000,0,NOT USED:CHR_NAME_000,0,NOT USED:CHR_NAME_000,0,NOT USED:CHR_NAME_000,0
93,93,22,b'Boss/LV_BattleBoss_Girimekra\x00\x00\x00\x00',Girimekhala,827,NOT USED:CHR_NAME_000,0,NOT USED:CHR_NAME_000,0,NOT USED:CHR_NAME_000,0,NOT USED:CHR_NAME_000,0,NOT USED:CHR_NAME_000,0,NOT USED:CHR_NAME_000,0,NOT USED:CHR_NAME_000,0,NOT USED:CHR_NAME_000,0
94,94,22,b'Boss/LV_BattleBoss_Hekatoncheir\x00',Hecatoncheires,813,NOT USED:CHR_NAME_000,0,NOT USED:CHR_NAME_000,0,NOT USED:CHR_NAME_000,0,NOT USED:CHR_NAME_000,0,NOT USED:CHR_NAME_000,0,NOT USED:CHR_NAME_000,0,NOT USED:CHR_NAME_000,0,NOT USED:CHR_NAME_000,0
95,95,22,b'Boss/LV_BattleBoss_Abaddon\x00\x00\x00\x00\x00\x00',Abaddon,832,NOT USED:CHR_NAME_000,0,NOT USED:CHR_NAME_000,0,NOT USED:CHR_NAME_000,0,NOT USED:CHR_NAME_000,0,NOT USED:CHR_NAME_000,0,NOT USED:CHR_NAME_000,0,NOT USED:CHR_NAME_000,0,NOT USED:CHR_NAME_000,0
96,96,15,b'0\x00\x00\x00\x00\x00\x00\x00\x00\x00\x00\x00\x00\x00\x00\x00\x00\x00\x00\x00\x00\x00\x00\x00\x00\x00\x00\x00\x00\x00\x00\x00',Tsukuyomi,528,NOT USED:CHR_NAME_000,0,NOT USED:CHR_NAME_000,0,NOT USED:CHR_NAME_000,0,NOT USED:CHR_NAME_000,0,NOT USED:CHR_NAME_000,0,NOT USED:CHR_NAME_000,0,NOT USED:CHR_NAME_000,0,NOT USED:CHR_NAME_000,0
97,97,20,b'0\x00\x00\x00\x00\x00\x00\x00\x00\x00\x00\x00\x00\x00\x00\x00\x00\x00\x00\x00\x00\x00\x00\x00\x00\x00\x00\x00\x00\x00\x00\x00',Leanan Sidhe,866,Ippon-Datara,867,NOT USED:CHR_NAME_000,0,NOT USED:CHR_NAME_000,0,NOT USED:CHR_NAME_000,0,NOT USED:CHR_NAME_000,0,NOT USED:CHR_NAME_000,0,NOT USED:CHR_NAME_000,0,NOT USED:CHR_NAME_000,0
98,98,20,b'0\x00\x00\x00\x00\x00\x00\x00\x00\x00\x00\x00\x00\x00\x00\x00\x00\x00\x00\x00\x00\x00\x00\x00\x00\x00\x00\x00\x00\x00\x00\x00',Apsaras,868,Agathion,869,Agathion,869,Agathion,869,NOT USED:CHR_NAME_000,0,NOT USED:CHR_NAME_000,0,NOT USED:CHR_NAME_000,0,NOT USED:CHR_NAME_000,0,NOT USED:CHR_NAME_000,0
99,99,13,b'Boss/LV_BattleBoss_E0491\x00\x00\x00\x00\x00\x00\x00\x00',Lahmu,453,NOT USED:CHR_NAME_000,0,NOT USED:CHR_NAME_000,0,NOT USED:CHR_NAME_000,0,NOT USED:CHR_NAME_000,0,NOT USED:CHR_NAME_000,0,NOT USED:CHR_NAME_000,0,NOT USED:CHR_NAME_000,0,NOT USED:CHR_NAME_000,0
100,100,22,b'0\x00\x00\x00\x00\x00\x00\x00\x00\x00\x00\x00\x00\x00\x00\x00\x00\x00\x00\x00\x00\x00\x00\x00\x00\x00\x00\x00\x00\x00\x00\x00',Amanozako,876,NOT USED:CHR_NAME_000,0,NOT USED:CHR_NAME_000,0,NOT USED:CHR_NAME_000,0,NOT USED:CHR_NAME_000,0,NOT USED:CHR_NAME_000,0,NOT USED:CHR_NAME_000,0,NOT USED:CHR_NAME_000,0,NOT USED:CHR_NAME_000,0
101,101,24,b'0\x00\x00\x00\x00\x00\x00\x00\x00\x00\x00\x00\x00\x00\x00\x00\x00\x00\x00\x00\x00\x00\x00\x00\x00\x00\x00\x00\x00\x00\x00\x00',Zaou-Gongen,877,Kurama Tengu,878,NOT USED:CHR_NAME_000,0,NOT USED:CHR_NAME_000,0,NOT USED:CHR_NAME_000,0,NOT USED:CHR_NAME_000,0,NOT USED:CHR_NAME_000,0,NOT USED:CHR_NAME_000,0,NOT USED:CHR_NAME_000,0
102,102,20,b'0\x00\x00\x00\x00\x00\x00\x00\x00\x00\x00\x00\x00\x00\x00\x00\x00\x00\x00\x00\x00\x00\x00\x00\x00\x00\x00\x00\x00\x00\x00\x00',Principality,879,Principality,879,NOT USED:CHR_NAME_000,0,NOT USED:CHR_NAME_000,0,NOT USED:CHR_NAME_000,0,NOT USED:CHR_NAME_000,0,NOT USED:CHR_NAME_000,0,NOT USED:CHR_NAME_000,0,NOT USED:CHR_NAME_000,0
103,103,20,b'0\x00\x00\x00\x00\x00\x00\x00\x00\x00\x00\x00\x00\x00\x00\x00\x00\x00\x00\x00\x00\x00\x00\x00\x00\x00\x00\x00\x00\x00\x00\x00',Lilim,880,Lilim,880,Lilim,880,Lilim,880,Lilim,880,Lilim,880,NOT USED:CHR_NAME_000,0,NOT USED:CHR_NAME_000,0,NOT USED:CHR_NAME_000,0
104,104,20,b'0\x00\x00\x00\x00\x00\x00\x00\x00\x00\x00\x00\x00\x00\x00\x00\x00\x00\x00\x00\x00\x00\x00\x00\x00\x00\x00\x00\x00\x00\x00\x00',Dionysus,881,NOT USED:CHR_NAME_000,0,NOT USED:CHR_NAME_000,0,NOT USED:CHR_NAME_000,0,NOT USED:CHR_NAME_000,0,NOT USED:CHR_NAME_000,0,NOT USED:CHR_NAME_000,0,NOT USED:CHR_NAME_000,0,NOT USED:CHR_NAME_000,0
105,105,25,b'Boss/LV_BattleBoss_Jaaku\x00\x00\x00\x00\x00\x00\x00\x00',Black Frost,882,NOT USED:CHR_NAME_000,0,NOT USED:CHR_NAME_000,0,NOT USED:CHR_NAME_000,0,NOT USED:CHR_NAME_000,0,NOT USED:CHR_NAME_000,0,NOT USED:CHR_NAME_000,0,NOT USED:CHR_NAME_000,0,NOT USED:CHR_NAME_000,0
106,106,24,b'0\x00\x00\x00\x00\x00\x00\x00\x00\x00\x00\x00\x00\x00\x00\x00\x00\x00\x00\x00\x00\x00\x00\x00\x00\x00\x00\x00\x00\x00\x00\x00',Futsunushi,883,NOT USED:CHR_NAME_000,0,NOT USED:CHR_NAME_000,0,NOT USED:CHR_NAME_000,0,NOT USED:CHR_NAME_000,0,NOT USED:CHR_NAME_000,0,NOT USED:CHR_NAME_000,0,NOT USED:CHR_NAME_000,0,NOT USED:CHR_NAME_000,0
107,107,25,b'0\x00\x00\x00\x00\x00\x00\x00\x00\x00\x00\x00\x00\x00\x00\x00\x00\x00\x00\x00\x00\x00\x00\x00\x00\x00\x00\x00\x00\x00\x00\x00',Adramelech,884,NOT USED:CHR_NAME_000,0,NOT USED:CHR_NAME_000,0,NOT USED:CHR_NAME_000,0,NOT USED:CHR_NAME_000,0,NOT USED:CHR_NAME_000,0,NOT USED:CHR_NAME_000,0,NOT USED:CHR_NAME_000,0,NOT USED:CHR_NAME_000,0
108,108,20,b'Boss/LV_BattleBoss_Seth\x00\x00\x00\x00\x00\x00\x00\x00\x00',Seth,870,NOT USED:CHR_NAME_000,0,NOT USED:CHR_NAME_000,0,NOT USED:CHR_NAME_000,0,NOT USED:CHR_NAME_000,0,NOT USED:CHR_NAME_000,0,NOT USED:CHR_NAME_000,0,NOT USED:CHR_NAME_000,0,NOT USED:CHR_NAME_000,0
109,109,30,b'0\x00\x00\x00\x00\x00\x00\x00\x00\x00\x00\x00\x00\x00\x00\x00\x00\x00\x00\x00\x00\x00\x00\x00\x00\x00\x00\x00\x00\x00\x00\x00',Matador,921,NOT USED:CHR_NAME_000,0,NOT USED:CHR_NAME_000,0,NOT USED:CHR_NAME_000,0,NOT USED:CHR_NAME_000,0,NOT USED:CHR_NAME_000,0,NOT USED:CHR_NAME_000,0,NOT USED:CHR_NAME_000,0,NOT USED:CHR_NAME_000,0
110,110,30,b'0\x00\x00\x00\x00\x00\x00\x00\x00\x00\x00\x00\x00\x00\x00\x00\x00\x00\x00\x00\x00\x00\x00\x00\x00\x00\x00\x00\x00\x00\x00\x00',Daisoujou,922,NOT USED:CHR_NAME_000,0,NOT USED:CHR_NAME_000,0,NOT USED:CHR_NAME_000,0,NOT USED:CHR_NAME_000,0,NOT USED:CHR_NAME_000,0,NOT USED:CHR_NAME_000,0,NOT USED:CHR_NAME_000,0,NOT USED:CHR_NAME_000,0
111,111,30,b'0\x00\x00\x00\x00\x00\x00\x00\x00\x00\x00\x00\x00\x00\x00\x00\x00\x00\x00\x00\x00\x00\x00\x00\x00\x00\x00\x00\x00\x00\x00\x00',Hell Biker,923,NOT USED:CHR_NAME_000,0,NOT USED:CHR_NAME_000,0,NOT USED:CHR_NAME_000,0,NOT USED:CHR_NAME_000,0,NOT USED:CHR_NAME_000,0,NOT USED:CHR_NAME_000,0,NOT USED:CHR_NAME_000,0,NOT USED:CHR_NAME_000,0
112,112,30,b'0\x00\x00\x00\x00\x00\x00\x00\x00\x00\x00\x00\x00\x00\x00\x00\x00\x00\x00\x00\x00\x00\x00\x00\x00\x00\x00\x00\x00\x00\x00\x00',White Rider,924,NOT USED:CHR_NAME_000,0,NOT USED:CHR_NAME_000,0,NOT USED:CHR_NAME_000,0,NOT USED:CHR_NAME_000,0,NOT USED:CHR_NAME_000,0,NOT USED:CHR_NAME_000,0,NOT USED:CHR_NAME_000,0,NOT USED:CHR_NAME_000,0
113,113,30,b'0\x00\x00\x00\x00\x00\x00\x00\x00\x00\x00\x00\x00\x00\x00\x00\x00\x00\x00\x00\x00\x00\x00\x00\x00\x00\x00\x00\x00\x00\x00\x00',Red Rider,925,NOT USED:CHR_NAME_000,0,NOT USED:CHR_NAME_000,0,NOT USED:CHR_NAME_000,0,NOT USED:CHR_NAME_000,0,NOT USED:CHR_NAME_000,0,NOT USED:CHR_NAME_000,0,NOT USED:CHR_NAME_000,0,NOT USED:CHR_NAME_000,0
114,114,30,b'0\x00\x00\x00\x00\x00\x00\x00\x00\x00\x00\x00\x00\x00\x00\x00\x00\x00\x00\x00\x00\x00\x00\x00\x00\x00\x00\x00\x00\x00\x00\x00',Black Rider,926,NOT USED:CHR_NAME_000,0,NOT USED:CHR_NAME_000,0,NOT USED:CHR_NAME_000,0,NOT USED:CHR_NAME_000,0,NOT USED:CHR_NAME_000,0,NOT USED:CHR_NAME_000,0,NOT USED:CHR_NAME_000,0,NOT USED:CHR_NAME_000,0
115,115,30,b'0\x00\x00\x00\x00\x00\x00\x00\x00\x00\x00\x00\x00\x00\x00\x00\x00\x00\x00\x00\x00\x00\x00\x00\x00\x00\x00\x00\x00\x00\x00\x00',Pale Rider,927,NOT USED:CHR_NAME_000,0,NOT USED:CHR_NAME_000,0,NOT USED:CHR_NAME_000,0,NOT USED:CHR_NAME_000,0,NOT USED:CHR_NAME_000,0,NOT USED:CHR_NAME_000,0,NOT USED:CHR_NAME_000,0,NOT USED:CHR_NAME_000,0
116,116,30,b'0\x00\x00\x00\x00\x00\x00\x00\x00\x00\x00\x00\x00\x00\x00\x00\x00\x00\x00\x00\x00\x00\x00\x00\x00\x00\x00\x00\x00\x00\x00\x00',Mother Harlot,928,NOT USED:CHR_NAME_000,0,NOT USED:CHR_NAME_000,0,NOT USED:CHR_NAME_000,0,NOT USED:CHR_NAME_000,0,NOT USED:CHR_NAME_000,0,NOT USED:CHR_NAME_000,0,NOT USED:CHR_NAME_000,0,NOT USED:CHR_NAME_000,0
117,117,30,b'0\x00\x00\x00\x00\x00\x00\x00\x00\x00\x00\x00\x00\x00\x00\x00\x00\x00\x00\x00\x00\x00\x00\x00\x00\x00\x00\x00\x00\x00\x00\x00',Trumpeter,929,NOT USED:CHR_NAME_000,0,NOT USED:CHR_NAME_000,0,NOT USED:CHR_NAME_000,0,NOT USED:CHR_NAME_000,0,NOT USED:CHR_NAME_000,0,NOT USED:CHR_NAME_000,0,NOT USED:CHR_NAME_000,0,NOT USED:CHR_NAME_000,0
118,118,32,b'0\x00\x00\x00\x00\x00\x00\x00\x00\x00\x00\x00\x00\x00\x00\x00\x00\x00\x00\x00\x00\x00\x00\x00\x00\x00\x00\x00\x00\x00\x00\x00',Artemis,930,NOT USED:CHR_NAME_000,0,NOT USED:CHR_NAME_000,0,NOT USED:CHR_NAME_000,0,NOT USED:CHR_NAME_000,0,NOT USED:CHR_NAME_000,0,NOT USED:CHR_NAME_000,0,NOT USED:CHR_NAME_000,0,NOT USED:CHR_NAME_000,0
119,119,32,b'0\x00\x00\x00\x00\x00\x00\x00\x00\x00\x00\x00\x00\x00\x00\x00\x00\x00\x00\x00\x00\x00\x00\x00\x00\x00\x00\x00\x00\x00\x00\x00',Cleopatra,931,NOT USED:CHR_NAME_000,0,NOT USED:CHR_NAME_000,0,NOT USED:CHR_NAME_000,0,NOT USED:CHR_NAME_000,0,NOT USED:CHR_NAME_000,0,NOT USED:CHR_NAME_000,0,NOT USED:CHR_NAME_000,0,NOT USED:CHR_NAME_000,0
120,120,32,b'0\x00\x00\x00\x00\x00\x00\x00\x00\x00\x00\x00\x00\x00\x00\x00\x00\x00\x00\x00\x00\x00\x00\x00\x00\x00\x00\x00\x00\x00\x00\x00',Mephisto,932,NOT USED:CHR_NAME_000,0,NOT USED:CHR_NAME_000,0,NOT USED:CHR_NAME_000,0,NOT USED:CHR_NAME_000,0,NOT USED:CHR_NAME_000,0,NOT USED:CHR_NAME_000,0,NOT USED:CHR_NAME_000,0,NOT USED:CHR_NAME_000,0
121,121,31,b'0\x00\x00\x00\x00\x00\x00\x00\x00\x00\x00\x00\x00\x00\x00\x00\x00\x00\x00\x00\x00\x00\x00\x00\x00\x00\x00\x00\x00\x00\x00\x00',Demi-fiend,934,NOT USED:CHR_NAME_000,0,NOT USED:CHR_NAME_000,0,NOT USED:CHR_NAME_000,0,NOT USED:CHR_NAME_000,0,NOT USED:CHR_NAME_000,0,NOT USED:CHR_NAME_000,0,NOT USED:CHR_NAME_000,0,NOT USED:CHR_NAME_000,0
122,122,32,b'0\x00\x00\x00\x00\x00\x00\x00\x00\x00\x00\x00\x00\x00\x00\x00\x00\x00\x00\x00\x00\x00\x00\x00\x00\x00\x00\x00\x00\x00\x00\x00',Artemis,930,NOT USED:CHR_NAME_000,0,NOT USED:CHR_NAME_000,0,NOT USED:CHR_NAME_000,0,NOT USED:CHR_NAME_000,0,NOT USED:CHR_NAME_000,0,NOT USED:CHR_NAME_000,0,NOT USED:CHR_NAME_000,0,NOT USED:CHR_NAME_000,0
123,123,32,b'0\x00\x00\x00\x00\x00\x00\x00\x00\x00\x00\x00\x00\x00\x00\x00\x00\x00\x00\x00\x00\x00\x00\x00\x00\x00\x00\x00\x00\x00\x00\x00',Cleopatra,931,NOT USED:CHR_NAME_000,0,NOT USED:CHR_NAME_000,0,NOT USED:CHR_NAME_000,0,NOT USED:CHR_NAME_000,0,NOT USED:CHR_NAME_000,0,NOT USED:CHR_NAME_000,0,NOT USED:CHR_NAME_000,0,NOT USED:CHR_NAME_000,0
124,124,32,b'0\x00\x00\x00\x00\x00\x00\x00\x00\x00\x00\x00\x00\x00\x00\x00\x00\x00\x00\x00\x00\x00\x00\x00\x00\x00\x00\x00\x00\x00\x00\x00',Mephisto,932,NOT USED:CHR_NAME_000,0,NOT USED:CHR_NAME_000,0,NOT USED:CHR_NAME_000,0,NOT USED:CHR_NAME_000,0,NOT USED:CHR_NAME_000,0,NOT USED:CHR_NAME_000,0,NOT USED:CHR_NAME_000,0,NOT USED:CHR_NAME_000,0
125,125,20,b'Boss/LV_BattleBoss_Garuda\x00\x00\x00\x00\x00\x00\x00',Garuda,865,NOT USED:CHR_NAME_000,0,NOT USED:CHR_NAME_000,0,NOT USED:CHR_NAME_000,0,NOT USED:CHR_NAME_000,0,NOT USED:CHR_NAME_000,0,NOT USED:CHR_NAME_000,0,NOT USED:CHR_NAME_000,0,NOT USED:CHR_NAME_000,0
126,126,22,b'Boss/LV_BattleBoss_Jatayu\x00\x00\x00\x00\x00\x00\x00',Jatayu,802,NOT USED:CHR_NAME_000,0,NOT USED:CHR_NAME_000,0,NOT USED:CHR_NAME_000,0,NOT USED:CHR_NAME_000,0,NOT USED:CHR_NAME_000,0,NOT USED:CHR_NAME_000,0,NOT USED:CHR_NAME_000,0,NOT USED:CHR_NAME_000,0
127,127,10,b'Boss/LV_BattleBoss_Houou\x00\x00\x00\x00\x00\x00\x00\x00',Makami,602,Makami,602,Feng Huang,603,Feng Huang,603,NOT USED:CHR_NAME_000,0,NOT USED:CHR_NAME_000,0,NOT USED:CHR_NAME_000,0,NOT USED:CHR_NAME_000,0,NOT USED:CHR_NAME_000,0
128,128,6,b'Boss/LV_BattleBoss_Metatron\x00\x00\x00\x00\x00',Metatron,477,NOT USED:CHR_NAME_000,0,NOT USED:CHR_NAME_000,0,NOT USED:CHR_NAME_000,0,NOT USED:CHR_NAME_000,0,NOT USED:CHR_NAME_000,0,NOT USED:CHR_NAME_000,0,NOT USED:CHR_NAME_000,0,NOT USED:CHR_NAME_000,0
129,129,255,b'0\x00\x00\x00\x00\x00\x00\x00\x00\x00\x00\x00\x00\x00\x00\x00\x00\x00\x00\x00\x00\x00\x00\x00\x00\x00\x00\x00\x00\x00\x00\x00',Manananggal,447,Incubus,445,NOT USED:CHR_NAME_000,0,NOT USED:CHR_NAME_000,0,NOT USED:CHR_NAME_000,0,NOT USED:CHR_NAME_000,0,NOT USED:CHR_NAME_000,0,NOT USED:CHR_NAME_000,0,NOT USED:CHR_NAME_000,0
130,130,24,b'Boss/LV_BattleBoss_Seiryu\x00\x00\x00\x00\x00\x00\x00',Qing Long,854,NOT USED:CHR_NAME_000,0,NOT USED:CHR_NAME_000,0,NOT USED:CHR_NAME_000,0,NOT USED:CHR_NAME_000,0,NOT USED:CHR_NAME_000,0,NOT USED:CHR_NAME_000,0,NOT USED:CHR_NAME_000,0,NOT USED:CHR_NAME_000,0
131,131,24,b'Boss/LV_BattleBoss_Suzaku\x00\x00\x00\x00\x00\x00\x00',Zhuque,855,NOT USED:CHR_NAME_000,0,NOT USED:CHR_NAME_000,0,NOT USED:CHR_NAME_000,0,NOT USED:CHR_NAME_000,0,NOT USED:CHR_NAME_000,0,NOT USED:CHR_NAME_000,0,NOT USED:CHR_NAME_000,0,NOT USED:CHR_NAME_000,0
132,132,72,b'0\x00\x00\x00\x00\x00\x00\x00\x00\x00\x00\x00\x00\x00\x00\x00\x00\x00\x00\x00\x00\x00\x00\x00\x00\x00\x00\x00\x00\x00\x00\x00',Preta,889,Preta,889,Preta,889,Preta,889,Preta,889,Preta,889,NOT USED:CHR_NAME_000,0,NOT USED:CHR_NAME_000,0,NOT USED:CHR_NAME_000,0
133,133,25,b'0\x00\x00\x00\x00\x00\x00\x00\x00\x00\x00\x00\x00\x00\x00\x00\x00\x00\x00\x00\x00\x00\x00\x00\x00\x00\x00\x00\x00\x00\x00\x00',Oni,888,NOT USED:CHR_NAME_000,0,NOT USED:CHR_NAME_000,0,NOT USED:CHR_NAME_000,0,NOT USED:CHR_NAME_000,0,NOT USED:CHR_NAME_000,0,NOT USED:CHR_NAME_000,0,NOT USED:CHR_NAME_000,0,NOT USED:CHR_NAME_000,0
134,134,1,b'0\x00\x00\x00\x00\x00\x00\x00\x00\x00\x00\x00\x00\x00\x00\x00\x00\x00\x00\x00\x00\x00\x00\x00\x00\x00\x00\x00\x00\x00\x00\x00',Preta,431,Preta,431,Preta,431,NOT USED:CHR_NAME_000,0,NOT USED:CHR_NAME_000,0,NOT USED:CHR_NAME_000,0,NOT USED:CHR_NAME_000,0,NOT USED:CHR_NAME_000,0,NOT USED:CHR_NAME_000,0
135,135,55,b'0\x00\x00\x00\x00\x00\x00\x00\x00\x00\x00\x00\x00\x00\x00\x00\x00\x00\x00\x00\x00\x00\x00\x00\x00\x00\x00\x00\x00\x00\x00\x00',Glasya-Labolas,552,NOT USED:CHR_NAME_000,0,NOT USED:CHR_NAME_000,0,NOT USED:CHR_NAME_000,0,NOT USED:CHR_NAME_000,0,NOT USED:CHR_NAME_000,0,NOT USED:CHR_NAME_000,0,NOT USED:CHR_NAME_000,0,NOT USED:CHR_NAME_000,0
136,136,56,b'0\x00\x00\x00\x00\x00\x00\x00\x00\x00\x00\x00\x00\x00\x00\x00\x00\x00\x00\x00\x00\x00\x00\x00\x00\x00\x00\x00\x00\x00\x00\x00',Naamah,553,NOT USED:CHR_NAME_000,0,NOT USED:CHR_NAME_000,0,NOT USED:CHR_NAME_000,0,NOT USED:CHR_NAME_000,0,NOT USED:CHR_NAME_000,0,NOT USED:CHR_NAME_000,0,NOT USED:CHR_NAME_000,0,NOT USED:CHR_NAME_000,0
137,137,55,b'0\x00\x00\x00\x00\x00\x00\x00\x00\x00\x00\x00\x00\x00\x00\x00\x00\x00\x00\x00\x00\x00\x00\x00\x00\x00\x00\x00\x00\x00\x00\x00',Naamah,554,Glasya-Labolas,555,NOT USED:CHR_NAME_000,0,NOT USED:CHR_NAME_000,0,NOT USED:CHR_NAME_000,0,NOT USED:CHR_NAME_000,0,NOT USED:CHR_NAME_000,0,NOT USED:CHR_NAME_000,0,NOT USED:CHR_NAME_000,0
138,138,13,b'Boss/LV_BattleBoss_new_Lahmu2\x00\x00\x00',Lahmu,556,Lahmu's Tentacle,558,Lahmu's Tentacle,558,Lahmu's Tentacle,558,Lahmu's Tentacle,558,Lahmu's Tentacle,558,Lahmu's Tentacle,558,NOT USED:CHR_NAME_000,0,NOT USED:CHR_NAME_000,0
139,139,13,b'Boss/LV_BattleBoss_new_Lahmu3\x00\x00\x00',Lahmu,557,NOT USED:CHR_NAME_000,0,NOT USED:CHR_NAME_000,0,NOT USED:CHR_NAME_000,0,NOT USED:CHR_NAME_000,0,NOT USED:CHR_NAME_000,0,NOT USED:CHR_NAME_000,0,NOT USED:CHR_NAME_000,0,NOT USED:CHR_NAME_000,0
140,140,56,b'0\x00\x00\x00\x00\x00\x00\x00\x00\x00\x00\x00\x00\x00\x00\x00\x00\x00\x00\x00\x00\x00\x00\x00\x00\x00\x00\x00\x00\x00\x00\x00',Eisheth,559,NOT USED:CHR_NAME_000,0,NOT USED:CHR_NAME_000,0,NOT USED:CHR_NAME_000,0,NOT USED:CHR_NAME_000,0,NOT USED:CHR_NAME_000,0,NOT USED:CHR_NAME_000,0,NOT USED:CHR_NAME_000,0,NOT USED:CHR_NAME_000,0
141,141,56,b'0\x00\x00\x00\x00\x00\x00\x00\x00\x00\x00\x00\x00\x00\x00\x00\x00\x00\x00\x00\x00\x00\x00\x00\x00\x00\x00\x00\x00\x00\x00\x00',Eisheth,560,NOT USED:CHR_NAME_000,0,NOT USED:CHR_NAME_000,0,NOT USED:CHR_NAME_000,0,NOT USED:CHR_NAME_000,0,NOT USED:CHR_NAME_000,0,NOT USED:CHR_NAME_000,0,NOT USED:CHR_NAME_000,0,NOT USED:CHR_NAME_000,0
142,142,58,b'0\x00\x00\x00\x00\x00\x00\x00\x00\x00\x00\x00\x00\x00\x00\x00\x00\x00\x00\x00\x00\x00\x00\x00\x00\x00\x00\x00\x00\x00\x00\x00',Yuzuru Atsuta,561,Hayataro,562,NOT USED:CHR_NAME_000,0,NOT USED:CHR_NAME_000,0,NOT USED:CHR_NAME_000,0,NOT USED:CHR_NAME_000,0,NOT USED:CHR_NAME_000,0,NOT USED:CHR_NAME_000,0,NOT USED:CHR_NAME_000,0
143,143,63,b'Boss/LV_BattleBoss_Tiamat\x00\x00\x00\x00\x00\x00\x00',Tiamat,565,Dragon Head,593,Goat Head,594,Camel Head,595,NOT USED:CHR_NAME_000,0,NOT USED:CHR_NAME_000,0,NOT USED:CHR_NAME_000,0,NOT USED:CHR_NAME_000,0,NOT USED:CHR_NAME_000,0
144,144,71,b'0\x00\x00\x00\x00\x00\x00\x00\x00\x00\x00\x00\x00\x00\x00\x00\x00\x00\x00\x00\x00\x00\x00\x00\x00\x00\x00\x00\x00\x00\x00\x00',Dormarth,751,NOT USED:CHR_NAME_000,0,NOT USED:CHR_NAME_000,0,NOT USED:CHR_NAME_000,0,NOT USED:CHR_NAME_000,0,NOT USED:CHR_NAME_000,0,NOT USED:CHR_NAME_000,0,NOT USED:CHR_NAME_000,0,NOT USED:CHR_NAME_000,0
145,145,71,b'0\x00\x00\x00\x00\x00\x00\x00\x00\x00\x00\x00\x00\x00\x00\x00\x00\x00\x00\x00\x00\x00\x00\x00\x00\x00\x00\x00\x00\x00\x00\x00',Nozuchi,752,Kodama,753,Kodama,753,NOT USED:CHR_NAME_000,0,NOT USED:CHR_NAME_000,0,NOT USED:CHR_NAME_000,0,NOT USED:CHR_NAME_000,0,NOT USED:CHR_NAME_000,0,NOT USED:CHR_NAME_000,0
146,146,74,b'0\x00\x00\x00\x00\x00\x00\x00\x00\x00\x00\x00\x00\x00\x00\x00\x00\x00\x00\x00\x00\x00\x00\x00\x00\x00\x00\x00\x00\x00\x00\x00',Turbo Granny,754,NOT USED:CHR_NAME_000,0,NOT USED:CHR_NAME_000,0,NOT USED:CHR_NAME_000,0,NOT USED:CHR_NAME_000,0,NOT USED:CHR_NAME_000,0,NOT USED:CHR_NAME_000,0,NOT USED:CHR_NAME_000,0,NOT USED:CHR_NAME_000,0
147,147,72,b'0\x00\x00\x00\x00\x00\x00\x00\x00\x00\x00\x00\x00\x00\x00\x00\x00\x00\x00\x00\x00\x00\x00\x00\x00\x00\x00\x00\x00\x00\x00\x00',Pisaca,755,Pisaca,755,Pisaca,755,Pisaca,755,NOT USED:CHR_NAME_000,0,NOT USED:CHR_NAME_000,0,NOT USED:CHR_NAME_000,0,NOT USED:CHR_NAME_000,0,NOT USED:CHR_NAME_000,0
148,-27244,22,b'Boss/LV_BattleBoss_EB0080\x00\x00\x00\x00\x00\x00\x00',Hydra,432,NOT USED:CHR_NAME_000,0,NOT USED:CHR_NAME_000,0,NOT USED:CHR_NAME_000,0,NOT USED:CHR_NAME_000,0,NOT USED:CHR_NAME_000,0,NOT USED:CHR_NAME_000,0,NOT USED:CHR_NAME_000,0,NOT USED:CHR_NAME_000,0
149,-26987,12,b'\x00\x00\x00\x00\x00\x00\x00\x00\x00\x00\x00\x00\x00\x00\x00\x00\x00\x00\x00\x00\x00\x00\x00\x00\x00\x00\x00\x00\x00\x00\x00\x00',Eligor,433,Andras,434,Andras,434,NOT USED:CHR_NAME_000,0,NOT USED:CHR_NAME_000,0,NOT USED:CHR_NAME_000,0,NOT USED:CHR_NAME_000,0,NOT USED:CHR_NAME_000,0,NOT USED:CHR_NAME_000,0
150,150,13,b'\x00\x00\x00\x00\x00\x00\x00\x00\x00\x00\x00\x00\x00\x00\x00\x00\x00\x00\x00\x00\x00\x00\x00\x00\x00\x00\x00\x00\x00\x00\x00\x00',Nuwa,435,NOT USED:CHR_NAME_000,0,NOT USED:CHR_NAME_000,0,NOT USED:CHR_NAME_000,0,NOT USED:CHR_NAME_000,0,NOT USED:CHR_NAME_000,0,NOT USED:CHR_NAME_000,0,NOT USED:CHR_NAME_000,0,NOT USED:CHR_NAME_000,0
151,151,13,b'0\x00\x00\x00\x00\x00\x00\x00\x00\x00\x00\x00\x00\x00\x00\x00\x00\x00\x00\x00\x00\x00\x00\x00\x00\x00\x00\x00\x00\x00\x00\x00',Abdiel,564,NOT USED:CHR_NAME_000,0,NOT USED:CHR_NAME_000,0,NOT USED:CHR_NAME_000,0,NOT USED:CHR_NAME_000,0,NOT USED:CHR_NAME_000,0,NOT USED:CHR_NAME_000,0,NOT USED:CHR_NAME_000,0,Khonsu Ra,15
152,152,23,b'0\x00\x00\x00\x00\x00\x00\x00\x00\x00\x00\x00\x00\x00\x00\x00\x00\x00\x00\x00\x00\x00\x00\x00\x00\x00\x00\x00\x00\x00\x00\x00',Khonsu,566,NOT USED:CHR_NAME_000,0,NOT USED:CHR_NAME_000,0,NOT USED:CHR_NAME_000,0,NOT USED:CHR_NAME_000,0,NOT USED:CHR_NAME_000,0,NOT USED:CHR_NAME_000,0,NOT USED:CHR_NAME_000,0,NOT USED:CHR_NAME_000,0
153,153,59,b'Boss/LV_BattleBoss_YakumoJyoka\x00\x00',Shohei Yakumo,567,Nuwa,550,NOT USED:CHR_NAME_000,0,NOT USED:CHR_NAME_000,0,NOT USED:CHR_NAME_000,0,NOT USED:CHR_NAME_000,0,NOT USED:CHR_NAME_000,0,NOT USED:CHR_NAME_000,0,NOT USED:CHR_NAME_000,0
154,154,56,b'0\x00\x00\x00\x00\x00\x00\x00\x00\x00\x00\x00\x00\x00\x00\x00\x00\x00\x00\x00\x00\x00\x00\x00\x00\x00\x00\x00\x00\x00\x00\x00',Agrat,568,NOT USED:CHR_NAME_000,0,NOT USED:CHR_NAME_000,0,NOT USED:CHR_NAME_000,0,NOT USED:CHR_NAME_000,0,NOT USED:CHR_NAME_000,0,NOT USED:CHR_NAME_000,0,NOT USED:CHR_NAME_000,0,NOT USED:CHR_NAME_000,0
155,155,255,b'0\x00\x00\x00\x00\x00\x00\x00\x00\x00\x00\x00\x00\x00\x00\x00\x00\x00\x00\x00\x00\x00\x00\x00\x00\x00\x00\x00\x00\x00\x00\x00',Lilith,569,NOT USED:CHR_NAME_000,0,NOT USED:CHR_NAME_000,0,NOT USED:CHR_NAME_000,0,NOT USED:CHR_NAME_000,0,NOT USED:CHR_NAME_000,0,NOT USED:CHR_NAME_000,0,NOT USED:CHR_NAME_000,0,NOT USED:CHR_NAME_000,0
156,156,61,b'0\x00\x00\x00\x00\x00\x00\x00\x00\x00\x00\x00\x00\x00\x00\x00\x00\x00\x00\x00\x00\x00\x00\x00\x00\x00\x00\x00\x00\x00\x00\x00',Abdiel,577,Ichiro Dazai,578,NOT USED:CHR_NAME_000,0,NOT USED:CHR_NAME_000,0,NOT USED:CHR_NAME_000,0,NOT USED:CHR_NAME_000,0,NOT USED:CHR_NAME_000,0,NOT USED:CHR_NAME_000,0,NOT USED:CHR_NAME_000,0
157,157,76,b'Boss/LV_BattleBoss_Satan\x00\x00\x00\x00\x00\x00\x00\x00',Satan,681,NOT USED:CHR_NAME_000,0,NOT USED:CHR_NAME_000,0,NOT USED:CHR_NAME_000,0,NOT USED:CHR_NAME_000,0,NOT USED:CHR_NAME_000,0,NOT USED:CHR_NAME_000,0,NOT USED:CHR_NAME_000,0,NOT USED:CHR_NAME_000,0
158,158,255,b'0\x00\x00\x00\x00\x00\x00\x00\x00\x00\x00\x00\x00\x00\x00\x00\x00\x00\x00\x00\x00\x00\x00\x00\x00\x00\x00\x00\x00\x00\x00\x00',Zhen,756,Zhen,756,Zhen,756,NOT USED:CHR_NAME_000,0,NOT USED:CHR_NAME_000,0,NOT USED:CHR_NAME_000,0,NOT USED:CHR_NAME_000,0,NOT USED:CHR_NAME_000,0,NOT USED:CHR_NAME_000,0
159,159,255,b'0\x00\x00\x00\x00\x00\x00\x00\x00\x00\x00\x00\x00\x00\x00\x00\x00\x00\x00\x00\x00\x00\x00\x00\x00\x00\x00\x00\x00\x00\x00\x00',Zhen,756,Zhen,756,Zhen,756,Zhen,756,NOT USED:CHR_NAME_000,0,NOT USED:CHR_NAME_000,0,NOT USED:CHR_NAME_000,0,NOT USED:CHR_NAME_000,0,NOT USED:CHR_NAME_000,0
160,160,255,b'0\x00\x00\x00\x00\x00\x00\x00\x00\x00\x00\x00\x00\x00\x00\x00\x00\x00\x00\x00\x00\x00\x00\x00\x00\x00\x00\x00\x00\x00\x00\x00',Zhen,756,Zhen,756,Zhen,756,Zhen,756,Zhen,756,NOT USED:CHR_NAME_000,0,NOT USED:CHR_NAME_000,0,NOT USED:CHR_NAME_000,0,NOT USED:CHR_NAME_000,0
161,161,13,b'0\x00\x00\x00\x00\x00\x00\x00\x00\x00\x00\x00\x00\x00\x00\x00\x00\x00\x00\x00\x00\x00\x00\x00\x00\x00\x00\x00\x00\x00\x00\x00',Zeus,481,Odin,482,NOT USED:CHR_NAME_000,0,NOT USED:CHR_NAME_000,0,NOT USED:CHR_NAME_000,0,NOT USED:CHR_NAME_000,0,NOT USED:CHR_NAME_000,0,NOT USED:CHR_NAME_000,0,NOT USED:CHR_NAME_000,0
162,162,62,b'0\x00\x00\x00\x00\x00\x00\x00\x00\x00\x00\x00\x00\x00\x00\x00\x00\x00\x00\x00\x00\x00\x00\x00\x00\x00\x00\x00\x00\x00\x00\x00',Beelzebub,483,NOT USED:CHR_NAME_000,0,NOT USED:CHR_NAME_000,0,NOT USED:CHR_NAME_000,0,NOT USED:CHR_NAME_000,0,NOT USED:CHR_NAME_000,0,NOT USED:CHR_NAME_000,0,NOT USED:CHR_NAME_000,0,NOT USED:CHR_NAME_000,0
163,163,255,b'Boss/LV_BattleBoss_Tehom\x00\x00\x00\x00\x00\x00\x00\x00',Tehom,597,NOT USED:CHR_NAME_000,0,NOT USED:CHR_NAME_000,0,NOT USED:CHR_NAME_000,0,NOT USED:CHR_NAME_000,0,NOT USED:CHR_NAME_000,0,NOT USED:CHR_NAME_000,0,NOT USED:CHR_NAME_000,0,NOT USED:CHR_NAME_000,0
164,164,255,b'0\x00\x00\x00\x00\x00\x00\x00\x00\x00\x00\x00\x00\x00\x00\x00\x00\x00\x00\x00\x00\x00\x00\x00\x00\x00\x00\x00\x00\x00\x00\x00',Mastema,596,NOT USED:CHR_NAME_000,0,NOT USED:CHR_NAME_000,0,NOT USED:CHR_NAME_000,0,NOT USED:CHR_NAME_000,0,NOT USED:CHR_NAME_000,0,NOT USED:CHR_NAME_000,0,NOT USED:CHR_NAME_000,0,NOT USED:CHR_NAME_000,0
165,165,73,b'0\x00\x00\x00\x00\x00\x00\x00\x00\x00\x00\x00\x00\x00\x00\x00\x00\x00\x00\x00\x00\x00\x00\x00\x00\x00\x00\x00\x00\x00\x00\x00',Samael,760,NOT USED:CHR_NAME_000,0,NOT USED:CHR_NAME_000,0,NOT USED:CHR_NAME_000,0,NOT USED:CHR_NAME_000,0,NOT USED:CHR_NAME_000,0,NOT USED:CHR_NAME_000,0,NOT USED:CHR_NAME_000,0,NOT USED:CHR_NAME_000,0
166,166,80,b'0\x00\x00\x00\x00\x00\x00\x00\x00\x00\x00\x00\x00\x00\x00\x00\x00\x00\x00\x00\x00\x00\x00\x00\x00\x00\x00\x00\x00\x00\x00\x00',Konohana Sakuya,948,NOT USED:CHR_NAME_000,0,NOT USED:CHR_NAME_000,0,NOT USED:CHR_NAME_000,0,NOT USED:CHR_NAME_000,0,NOT USED:CHR_NAME_000,0,NOT USED:CHR_NAME_000,0,NOT USED:CHR_NAME_000,0,NOT USED:CHR_NAME_000,0
167,167,81,b'0\x00\x00\x00\x00\x00\x00\x00\x00\x00\x00\x00\x00\x00\x00\x00\x00\x00\x00\x00\x00\x00\x00\x00\x00\x00\x00\x00\x00\x00\x00\x00',Dagda,947,NOT USED:CHR_NAME_000,0,NOT USED:CHR_NAME_000,0,NOT USED:CHR_NAME_000,0,NOT USED:CHR_NAME_000,0,NOT USED:CHR_NAME_000,0,NOT USED:CHR_NAME_000,0,NOT USED:CHR_NAME_000,0,NOT USED:CHR_NAME_000,0
168,168,77,b'0\x00\x00\x00\x00\x00\x00\x00\x00\x00\x00\x00\x00\x00\x00\x00\x00\x00\x00\x00\x00\x00\x00\x00\x00\x00\x00\x00\x00\x00\x00\x00',Masakado,757,NOT USED:CHR_NAME_000,0,NOT USED:CHR_NAME_000,0,NOT USED:CHR_NAME_000,0,NOT USED:CHR_NAME_000,0,NOT USED:CHR_NAME_000,0,NOT USED:CHR_NAME_000,0,NOT USED:CHR_NAME_000,0,NOT USED:CHR_NAME_000,0
169,169,77,b'0\x00\x00\x00\x00\x00\x00\x00\x00\x00\x00\x00\x00\x00\x00\x00\x00\x00\x00\x00\x00\x00\x00\x00\x00\x00\x00\x00\x00\x00\x00\x00',Masakado,758,NOT USED:CHR_NAME_000,0,NOT USED:CHR_NAME_000,0,NOT USED:CHR_NAME_000,0,NOT USED:CHR_NAME_000,0,NOT USED:CHR_NAME_000,0,NOT USED:CHR_NAME_000,0,NOT USED:CHR_NAME_000,0,NOT USED:CHR_NAME_000,0
170,170,71,b'0\x00\x00\x00\x00\x00\x00\x00\x00\x00\x00\x00\x00\x00\x00\x00\x00\x00\x00\x00\x00\x00\x00\x00\x00\x00\x00\x00\x00\x00\x00\x00',Yakshini,768,NOT USED:CHR_NAME_000,0,NOT USED:CHR_NAME_000,0,NOT USED:CHR_NAME_000,0,NOT USED:CHR_NAME_000,0,NOT USED:CHR_NAME_000,0,NOT USED:CHR_NAME_000,0,NOT USED:CHR_NAME_000,0,NOT USED:CHR_NAME_000,0
171,171,71,b'0\x00\x00\x00\x00\x00\x00\x00\x00\x00\x00\x00\x00\x00\x00\x00\x00\x00\x00\x00\x00\x00\x00\x00\x00\x00\x00\x00\x00\x00\x00\x00',Vouivre,769,NOT USED:CHR_NAME_000,0,NOT USED:CHR_NAME_000,0,NOT USED:CHR_NAME_000,0,NOT USED:CHR_NAME_000,0,NOT USED:CHR_NAME_000,0,NOT USED:CHR_NAME_000,0,NOT USED:CHR_NAME_000,0,NOT USED:CHR_NAME_000,0
172,172,71,b'0\x00\x00\x00\x00\x00\x00\x00\x00\x00\x00\x00\x00\x00\x00\x00\x00\x00\x00\x00\x00\x00\x00\x00\x00\x00\x00\x00\x00\x00\x00\x00',Onyankopon,770,NOT USED:CHR_NAME_000,0,NOT USED:CHR_NAME_000,0,NOT USED:CHR_NAME_000,0,NOT USED:CHR_NAME_000,0,NOT USED:CHR_NAME_000,0,NOT USED:CHR_NAME_000,0,NOT USED:CHR_NAME_000,0,NOT USED:CHR_NAME_000,0
173,173,72,b'0\x00\x00\x00\x00\x00\x00\x00\x00\x00\x00\x00\x00\x00\x00\x00\x00\x00\x00\x00\x00\x00\x00\x00\x00\x00\x00\x00\x00\x00\x00\x00',Anansi,771,NOT USED:CHR_NAME_000,0,NOT USED:CHR_NAME_000,0,NOT USED:CHR_NAME_000,0,NOT USED:CHR_NAME_000,0,NOT USED:CHR_NAME_000,0,NOT USED:CHR_NAME_000,0,NOT USED:CHR_NAME_000,0,NOT USED:CHR_NAME_000,0
174,174,72,b'0\x00\x00\x00\x00\x00\x00\x00\x00\x00\x00\x00\x00\x00\x00\x00\x00\x00\x00\x00\x00\x00\x00\x00\x00\x00\x00\x00\x00\x00\x00\x00',Kudlak,772,Black Ooze,773,Black Ooze,773,Black Ooze,773,Black Ooze,773,NOT USED:CHR_NAME_000,0,NOT USED:CHR_NAME_000,0,NOT USED:CHR_NAME_000,0,NOT USED:CHR_NAME_000,0
175,175,71,b'0\x00\x00\x00\x00\x00\x00\x00\x00\x00\x00\x00\x00\x00\x00\x00\x00\x00\x00\x00\x00\x00\x00\x00\x00\x00\x00\x00\x00\x00\x00\x00',Kresnik,774,NOT USED:CHR_NAME_000,0,NOT USED:CHR_NAME_000,0,NOT USED:CHR_NAME_000,0,NOT USED:CHR_NAME_000,0,NOT USED:CHR_NAME_000,0,NOT USED:CHR_NAME_000,0,NOT USED:CHR_NAME_000,0,NOT USED:CHR_NAME_000,0
176,176,24,b'0\x00\x00\x00\x00\x00\x00\x00\x00\x00\x00\x00\x00\x00\x00\x00\x00\x00\x00\x00\x00\x00\x00\x00\x00\x00\x00\x00\x00\x00\x00\x00',Yamata-no-Orochi,775,NOT USED:CHR_NAME_000,0,NOT USED:CHR_NAME_000,0,NOT USED:CHR_NAME_000,0,NOT USED:CHR_NAME_000,0,NOT USED:CHR_NAME_000,0,NOT USED:CHR_NAME_000,0,NOT USED:CHR_NAME_000,0,NOT USED:CHR_NAME_000,0
177,177,72,b'0\x00\x00\x00\x00\x00\x00\x00\x00\x00\x00\x00\x00\x00\x00\x00\x00\x00\x00\x00\x00\x00\x00\x00\x00\x00\x00\x00\x00\x00\x00\x00',Atavaka,776,Rakshasa,777,NOT USED:CHR_NAME_000,0,NOT USED:CHR_NAME_000,0,NOT USED:CHR_NAME_000,0,NOT USED:CHR_NAME_000,0,NOT USED:CHR_NAME_000,0,NOT USED:CHR_NAME_000,0,NOT USED:CHR_NAME_000,0
178,178,25,b'0\x00\x00\x00\x00\x00\x00\x00\x00\x00\x00\x00\x00\x00\x00\x00\x00\x00\x00\x00\x00\x00\x00\x00\x00\x00\x00\x00\x00\x00\x00\x00',Thor,778,NOT USED:CHR_NAME_000,0,NOT USED:CHR_NAME_000,0,NOT USED:CHR_NAME_000,0,NOT USED:CHR_NAME_000,0,NOT USED:CHR_NAME_000,0,NOT USED:CHR_NAME_000,0,NOT USED:CHR_NAME_000,0,NOT USED:CHR_NAME_000,0
179,179,71,b'0\x00\x00\x00\x00\x00\x00\x00\x00\x00\x00\x00\x00\x00\x00\x00\x00\x00\x00\x00\x00\x00\x00\x00\x00\x00\x00\x00\x00\x00\x00\x00',Norn,779,Ds,780,Ds,780,Ds,780,NOT USED:CHR_NAME_000,0,NOT USED:CHR_NAME_000,0,NOT USED:CHR_NAME_000,0,NOT USED:CHR_NAME_000,0,NOT USED:CHR_NAME_000,0
180,-19020,5,b'\x00\x00\x00\x00\x00\x00\x00\x00\x00\x00\x00\x00\x00\x00\x00\x00\x00\x00\x00\x00\x00\x00\x00\x00\x00\x00\x00\x00\x00\x00\x00\x00',Fionn mac Cumhaill,451,NOT USED:CHR_NAME_000,0,NOT USED:CHR_NAME_000,0,NOT USED:CHR_NAME_000,0,NOT USED:CHR_NAME_000,0,NOT USED:CHR_NAME_000,0,NOT USED:CHR_NAME_000,0,NOT USED:CHR_NAME_000,0,NOT USED:CHR_NAME_000,0
181,-18763,5,b'\x00\x00\x00\x00\x00\x00\x00\x00\x00\x00\x00\x00\x00\x00\x00\x00\x00\x00\x00\x00\x00\x00\x00\x00\x00\x00\x00\x00\x00\x00\x00\x00',Shohei Yakumo,465,NOT USED:CHR_NAME_000,0,NOT USED:CHR_NAME_000,0,NOT USED:CHR_NAME_000,0,NOT USED:CHR_NAME_000,0,NOT USED:CHR_NAME_000,0,NOT USED:CHR_NAME_000,0,NOT USED:CHR_NAME_000,0,NOT USED:CHR_NAME_000,0
182,182,5,b'\x00\x00\x00\x00\x00\x00\x00\x00\x00\x00\x00\x00\x00\x00\x00\x00\x00\x00\x00\x00\x00\x00\x00\x00\x00\x00\x00\x00\x00\x00\x00\x00',Abdiel,467,NOT USED:CHR_NAME_000,0,NOT USED:CHR_NAME_000,0,NOT USED:CHR_NAME_000,0,NOT USED:CHR_NAME_000,0,NOT USED:CHR_NAME_000,0,NOT USED:CHR_NAME_000,0,NOT USED:CHR_NAME_000,0,NOT USED:CHR_NAME_000,0
183,-18249,6,b'Boss/LV_BattleBoss_Metatron\x00\x00\x00\x00\x00',Metatron,477,NOT USED:CHR_NAME_000,0,NOT USED:CHR_NAME_000,0,NOT USED:CHR_NAME_000,0,NOT USED:CHR_NAME_000,0,NOT USED:CHR_NAME_000,0,NOT USED:CHR_NAME_000,0,NOT USED:CHR_NAME_000,0,NOT USED:CHR_NAME_000,0
184,-17992,82,b'\x00\x00\x00\x00\x00\x00\x00\x00\x00\x00\x00\x00\x00\x00\x00\x00\x00\x00\x00\x00\x00\x00\x00\x00\x00\x00\x00\x00\x00\x00\x00\x00',Melchizedek,471,Melchizedek,476,Melchizedek,476,NOT USED:CHR_NAME_000,0,NOT USED:CHR_NAME_000,0,NOT USED:CHR_NAME_000,0,NOT USED:CHR_NAME_000,0,NOT USED:CHR_NAME_000,0,NOT USED:CHR_NAME_000,0
185,-17735,82,b'\x00\x00\x00\x00\x00\x00\x00\x00\x00\x00\x00\x00\x00\x00\x00\x00\x00\x00\x00\x00\x00\x00\x00\x00\x00\x00\x00\x00\x00\x00\x00\x00',Sraosha,472,NOT USED:CHR_NAME_000,0,NOT USED:CHR_NAME_000,0,NOT USED:CHR_NAME_000,0,NOT USED:CHR_NAME_000,0,NOT USED:CHR_NAME_000,0,NOT USED:CHR_NAME_000,0,NOT USED:CHR_NAME_000,0,NOT USED:CHR_NAME_000,0
186,186,82,b'Boss/LV_BattleBoss_Alilat\x00\x00\x00\x00\x00\x00\x00',Alilat,473,NOT USED:CHR_NAME_000,0,NOT USED:CHR_NAME_000,0,NOT USED:CHR_NAME_000,0,NOT USED:CHR_NAME_000,0,NOT USED:CHR_NAME_000,0,NOT USED:CHR_NAME_000,0,NOT USED:CHR_NAME_000,0,NOT USED:CHR_NAME_000,0
187,-17221,12,b'\x00\x00\x00\x00\x00\x00\x00\x00\x00\x00\x00\x00\x00\x00\x00\x00\x00\x00\x00\x00\x00\x00\x00\x00\x00\x00\x00\x00\x00\x00\x00\x00',Loup-garou,450,NOT USED:CHR_NAME_000,0,NOT USED:CHR_NAME_000,0,NOT USED:CHR_NAME_000,0,NOT USED:CHR_NAME_000,0,NOT USED:CHR_NAME_000,0,NOT USED:CHR_NAME_000,0,NOT USED:CHR_NAME_000,0,NOT USED:CHR_NAME_000,0
188,-16964,12,b'Boss/LV_BattleBoss_E0490\x00\x00\x00\x00\x00\x00\x00\x00',Lahmu,452,Lahmu's Tentacle,424,Lahmu's Tentacle,424,Lahmu's Tentacle,424,Lahmu's Tentacle,424,Lahmu's Tentacle,424,Lahmu's Tentacle,424,NOT USED:CHR_NAME_000,0,NOT USED:CHR_NAME_000,0
189,189,13,b'Boss/LV_BattleBoss_E0491\x00\x00\x00\x00\x00\x00\x00\x00',Lahmu,453,NOT USED:CHR_NAME_000,0,NOT USED:CHR_NAME_000,0,NOT USED:CHR_NAME_000,0,NOT USED:CHR_NAME_000,0,NOT USED:CHR_NAME_000,0,NOT USED:CHR_NAME_000,0,NOT USED:CHR_NAME_000,0,NOT USED:CHR_NAME_000,0
190,-16450,22,b'Boss/LV_BattleBoss_Surt\x00\x00\x00\x00\x00\x00\x00\x00\x00',Surt,454,NOT USED:CHR_NAME_000,0,NOT USED:CHR_NAME_000,0,NOT USED:CHR_NAME_000,0,NOT USED:CHR_NAME_000,0,NOT USED:CHR_NAME_000,0,NOT USED:CHR_NAME_000,0,NOT USED:CHR_NAME_000,0,NOT USED:CHR_NAME_000,0
191,-16193,23,b'\x00\x00\x00\x00\x00\x00\x00\x00\x00\x00\x00\x00\x00\x00\x00\x00\x00\x00\x00\x00\x00\x00\x00\x00\x00\x00\x00\x00\x00\x00\x00\x00',Ishtar,460,NOT USED:CHR_NAME_000,0,NOT USED:CHR_NAME_000,0,NOT USED:CHR_NAME_000,0,NOT USED:CHR_NAME_000,0,NOT USED:CHR_NAME_000,0,NOT USED:CHR_NAME_000,0,NOT USED:CHR_NAME_000,0,NOT USED:CHR_NAME_000,0
192,-15936,12,b'\x00\x00\x00\x00\x00\x00\x00\x00\x00\x00\x00\x00\x00\x00\x00\x00\x00\x00\x00\x00\x00\x00\x00\x00\x00\x00\x00\x00\x00\x00\x00\x00',Chernobog,466,NOT USED:CHR_NAME_000,0,NOT USED:CHR_NAME_000,0,NOT USED:CHR_NAME_000,0,NOT USED:CHR_NAME_000,0,NOT USED:CHR_NAME_000,0,NOT USED:CHR_NAME_000,0,NOT USED:CHR_NAME_000,0,NOT USED:CHR_NAME_000,0
193,193,13,b'\x00\x00\x00\x00\x00\x00\x00\x00\x00\x00\x00\x00\x00\x00\x00\x00\x00\x00\x00\x00\x00\x00\x00\x00\x00\x00\x00\x00\x00\x00\x00\x00',Arioch,463,NOT USED:CHR_NAME_000,0,NOT USED:CHR_NAME_000,0,NOT USED:CHR_NAME_000,0,NOT USED:CHR_NAME_000,0,NOT USED:CHR_NAME_000,0,NOT USED:CHR_NAME_000,0,NOT USED:CHR_NAME_000,0,NOT USED:CHR_NAME_000,0
194,-15422,13,b'\x00\x00\x00\x00\x00\x00\x00\x00\x00\x00\x00\x00\x00\x00\x00\x00\x00\x00\x00\x00\x00\x00\x00\x00\x00\x00\x00\x00\x00\x00\x00\x00',Odin,470,NOT USED:CHR_NAME_000,0,NOT USED:CHR_NAME_000,0,NOT USED:CHR_NAME_000,0,NOT USED:CHR_NAME_000,0,NOT USED:CHR_NAME_000,0,NOT USED:CHR_NAME_000,0,NOT USED:CHR_NAME_000,0,NOT USED:CHR_NAME_000,0
195,-15165,23,b'\x00\x00\x00\x00\x00\x00\x00\x00\x00\x00\x00\x00\x00\x00\x00\x00\x00\x00\x00\x00\x00\x00\x00\x00\x00\x00\x00\x00\x00\x00\x00\x00',Vasuki,468,NOT USED:CHR_NAME_000,0,NOT USED:CHR_NAME_000,0,NOT USED:CHR_NAME_000,0,NOT USED:CHR_NAME_000,0,NOT USED:CHR_NAME_000,0,NOT USED:CHR_NAME_000,0,NOT USED:CHR_NAME_000,0,NOT USED:CHR_NAME_000,0
196,196,13,b'\x00\x00\x00\x00\x00\x00\x00\x00\x00\x00\x00\x00\x00\x00\x00\x00\x00\x00\x00\x00\x00\x00\x00\x00\x00\x00\x00\x00\x00\x00\x00\x00',Zeus,469,NOT USED:CHR_NAME_000,0,NOT USED:CHR_NAME_000,0,NOT USED:CHR_NAME_000,0,NOT USED:CHR_NAME_000,0,NOT USED:CHR_NAME_000,0,NOT USED:CHR_NAME_000,0,NOT USED:CHR_NAME_000,0,NOT USED:CHR_NAME_000,0
197,-14395,15,b'\x00\x00\x00\x00\x00\x00\x00\x00\x00\x00\x00\x00\x00\x00\x00\x00\x00\x00\x00\x00\x00\x00\x00\x00\x00\x00\x00\x00\x00\x00\x00\x00',Tsukuyomi,528,NOT USED:CHR_NAME_000,0,NOT USED:CHR_NAME_000,0,NOT USED:CHR_NAME_000,0,NOT USED:CHR_NAME_000,0,NOT USED:CHR_NAME_000,0,NOT USED:CHR_NAME_000,0,NOT USED:CHR_NAME_000,0,NOT USED:CHR_NAME_000,0
198,-14394,16,b'Boss/LV_BattleBoss_Test_KaruAb\x00\x00',Abdiel,525,Depraved Arm,526,Depraved Wing,527,NOT USED:CHR_NAME_000,0,NOT USED:CHR_NAME_000,0,NOT USED:CHR_NAME_000,0,NOT USED:CHR_NAME_000,0,NOT USED:CHR_NAME_000,0,NOT USED:CHR_NAME_000,0
199,-14137,17,b'Boss/LV_BattleBoss_Test_Kichijo\x00',Nuwa,520,Thunder Bit,521,Thunder Bit,522,Thunder Bit,523,Thunder Bit,524,NOT USED:CHR_NAME_000,0,NOT USED:CHR_NAME_000,0,NOT USED:CHR_NAME_000,0,NOT USED:CHR_NAME_000,0
200,200,18,b'Boss/LV_BattleBoss_Lucifer2\x00\x00\x00\x00\x00',Lucifer,537,NOT USED:CHR_NAME_000,0,NOT USED:CHR_NAME_000,0,NOT USED:CHR_NAME_000,0,NOT USED:CHR_NAME_000,0,NOT USED:CHR_NAME_000,0,NOT USED:CHR_NAME_000,0,NOT USED:CHR_NAME_000,0,NOT USED:CHR_NAME_000,0
201,-13623,16,b'Boss/LV_BattleBoss_Test_KaruAb\x00\x00',Abdiel,525,Depraved Arm,526,Depraved Wing,527,NOT USED:CHR_NAME_000,0,NOT USED:CHR_NAME_000,0,NOT USED:CHR_NAME_000,0,NOT USED:CHR_NAME_000,0,NOT USED:CHR_NAME_000,0,NOT USED:CHR_NAME_000,0
202,202,15,b'\x00\x00\x00\x00\x00\x00\x00\x00\x00\x00\x00\x00\x00\x00\x00\x00\x00\x00\x00\x00\x00\x00\x00\x00\x00\x00\x00\x00\x00\x00\x00\x00',Tsukuyomi,528,NOT USED:CHR_NAME_000,0,NOT USED:CHR_NAME_000,0,NOT USED:CHR_NAME_000,0,NOT USED:CHR_NAME_000,0,NOT USED:CHR_NAME_000,0,NOT USED:CHR_NAME_000,0,NOT USED:CHR_NAME_000,0,NOT USED:CHR_NAME_000,0
203,-13109,16,b'Boss/LV_BattleBoss_Test_KaruAb\x00\x00',Abdiel,525,Depraved Arm,526,Depraved Wing,527,NOT USED:CHR_NAME_000,0,NOT USED:CHR_NAME_000,0,NOT USED:CHR_NAME_000,0,NOT USED:CHR_NAME_000,0,NOT USED:CHR_NAME_000,0,NOT USED:CHR_NAME_000,0
204,-12852,15,b'\x00\x00\x00\x00\x00\x00\x00\x00\x00\x00\x00\x00\x00\x00\x00\x00\x00\x00\x00\x00\x00\x00\x00\x00\x00\x00\x00\x00\x00\x00\x00\x00',Tsukuyomi,528,NOT USED:CHR_NAME_000,0,NOT USED:CHR_NAME_000,0,NOT USED:CHR_NAME_000,0,NOT USED:CHR_NAME_000,0,NOT USED:CHR_NAME_000,0,NOT USED:CHR_NAME_000,0,NOT USED:CHR_NAME_000,0,NOT USED:CHR_NAME_000,0
205,205,18,b'Boss/LV_BattleBoss_Lucifer\x00\x00\x00\x00\x00\x00',Lucifer,529,NOT USED:CHR_NAME_000,0,NOT USED:CHR_NAME_000,0,NOT USED:CHR_NAME_000,0,NOT USED:CHR_NAME_000,0,NOT USED:CHR_NAME_000,0,NOT USED:CHR_NAME_000,0,NOT USED:CHR_NAME_000,0,NOT USED:CHR_NAME_000,0
206,-12338,16,b'Boss/LV_BattleBoss_Test_KaruAb\x00\x00',Abdiel,525,Depraved Arm,526,Depraved Wing,527,NOT USED:CHR_NAME_000,0,NOT USED:CHR_NAME_000,0,NOT USED:CHR_NAME_000,0,NOT USED:CHR_NAME_000,0,NOT USED:CHR_NAME_000,0,NOT USED:CHR_NAME_000,0
207,-12081,15,b'\x00\x00\x00\x00\x00\x00\x00\x00\x00\x00\x00\x00\x00\x00\x00\x00\x00\x00\x00\x00\x00\x00\x00\x00\x00\x00\x00\x00\x00\x00\x00\x00',Tsukuyomi,528,NOT USED:CHR_NAME_000,0,NOT USED:CHR_NAME_000,0,NOT USED:CHR_NAME_000,0,NOT USED:CHR_NAME_000,0,NOT USED:CHR_NAME_000,0,NOT USED:CHR_NAME_000,0,NOT USED:CHR_NAME_000,0,NOT USED:CHR_NAME_000,0
208,-12848,17,b'Boss/LV_BattleBoss_Test_Kichijo\x00',Nuwa,520,Thunder Bit,521,Thunder Bit,522,Thunder Bit,523,Thunder Bit,524,NOT USED:CHR_NAME_000,0,NOT USED:CHR_NAME_000,0,NOT USED:CHR_NAME_000,0,NOT USED:CHR_NAME_000,0
209,-11567,55,b'\x00\x00\x00\x00\x00\x00\x00\x00\x00\x00\x00\x00\x00\x00\x00\x00\x00\x00\x00\x00\x00\x00\x00\x00\x00\x00\x00\x00\x00\x00\x00\x00',Naamah,554,Glasya-Labolas,555,NOT USED:CHR_NAME_000,0,NOT USED:CHR_NAME_000,0,NOT USED:CHR_NAME_000,0,NOT USED:CHR_NAME_000,0,NOT USED:CHR_NAME_000,0,NOT USED:CHR_NAME_000,0,NOT USED:CHR_NAME_000,0
210,-11310,56,b'\x00\x00\x00\x00\x00\x00\x00\x00\x00\x00\x00\x00\x00\x00\x00\x00\x00\x00\x00\x00\x00\x00\x00\x00\x00\x00\x00\x00\x00\x00\x00\x00',Eisheth,559,NOT USED:CHR_NAME_000,0,NOT USED:CHR_NAME_000,0,NOT USED:CHR_NAME_000,0,NOT USED:CHR_NAME_000,0,NOT USED:CHR_NAME_000,0,NOT USED:CHR_NAME_000,0,NOT USED:CHR_NAME_000,0,NOT USED:CHR_NAME_000,0
211,211,58,b'\x00\x00\x00\x00\x00\x00\x00\x00\x00\x00\x00\x00\x00\x00\x00\x00\x00\x00\x00\x00\x00\x00\x00\x00\x00\x00\x00\x00\x00\x00\x00\x00',Yuzuru Atsuta,561,Hayataro,562,NOT USED:CHR_NAME_000,0,NOT USED:CHR_NAME_000,0,NOT USED:CHR_NAME_000,0,NOT USED:CHR_NAME_000,0,NOT USED:CHR_NAME_000,0,NOT USED:CHR_NAME_000,0,NOT USED:CHR_NAME_000,0
212,-10796,23,b'\x00\x00\x00\x00\x00\x00\x00\x00\x00\x00\x00\x00\x00\x00\x00\x00\x00\x00\x00\x00\x00\x00\x00\x00\x00\x00\x00\x00\x00\x00\x00\x00',Khonsu,566,NOT USED:CHR_NAME_000,0,NOT USED:CHR_NAME_000,0,NOT USED:CHR_NAME_000,0,NOT USED:CHR_NAME_000,0,NOT USED:CHR_NAME_000,0,NOT USED:CHR_NAME_000,0,NOT USED:CHR_NAME_000,0,NOT USED:CHR_NAME_000,0
213,-10539,56,b'\x00\x00\x00\x00\x00\x00\x00\x00\x00\x00\x00\x00\x00\x00\x00\x00\x00\x00\x00\x00\x00\x00\x00\x00\x00\x00\x00\x00\x00\x00\x00\x00',Agrat,568,NOT USED:CHR_NAME_000,0,NOT USED:CHR_NAME_000,0,NOT USED:CHR_NAME_000,0,NOT USED:CHR_NAME_000,0,NOT USED:CHR_NAME_000,0,NOT USED:CHR_NAME_000,0,NOT USED:CHR_NAME_000,0,NOT USED:CHR_NAME_000,0
214,214,57,b'\x00\x00\x00\x00\x00\x00\x00\x00\x00\x00\x00\x00\x00\x00\x00\x00\x00\x00\x00\x00\x00\x00\x00\x00\x00\x00\x00\x00\x00\x00\x00\x00',Lilith,569,NOT USED:CHR_NAME_000,0,NOT USED:CHR_NAME_000,0,NOT USED:CHR_NAME_000,0,NOT USED:CHR_NAME_000,0,NOT USED:CHR_NAME_000,0,NOT USED:CHR_NAME_000,0,NOT USED:CHR_NAME_000,0,NOT USED:CHR_NAME_000,0
215,-10025,13,b'\x00\x00\x00\x00\x00\x00\x00\x00\x00\x00\x00\x00\x00\x00\x00\x00\x00\x00\x00\x00\x00\x00\x00\x00\x00\x00\x00\x00\x00\x00\x00\x00',Zeus,481,Odin,482,NOT USED:CHR_NAME_000,0,NOT USED:CHR_NAME_000,0,NOT USED:CHR_NAME_000,0,NOT USED:CHR_NAME_000,0,NOT USED:CHR_NAME_000,0,NOT USED:CHR_NAME_000,0,NOT USED:CHR_NAME_000,0
216,-9768,62,b'\x00\x00\x00\x00\x00\x00\x00\x00\x00\x00\x00\x00\x00\x00\x00\x00\x00\x00\x00\x00\x00\x00\x00\x00\x00\x00\x00\x00\x00\x00\x00\x00',Beelzebub,483,NOT USED:CHR_NAME_000,0,NOT USED:CHR_NAME_000,0,NOT USED:CHR_NAME_000,0,NOT USED:CHR_NAME_000,0,NOT USED:CHR_NAME_000,0,NOT USED:CHR_NAME_000,0,NOT USED:CHR_NAME_000,0,NOT USED:CHR_NAME_000,0
217,217,61,b'\x00\x00\x00\x00\x00\x00\x00\x00\x00\x00\x00\x00\x00\x00\x00\x00\x00\x00\x00\x00\x00\x00\x00\x00\x00\x00\x00\x00\x00\x00\x00\x00',Abdiel,577,Ichiro Dazai,578,NOT USED:CHR_NAME_000,0,NOT USED:CHR_NAME_000,0,NOT USED:CHR_NAME_000,0,NOT USED:CHR_NAME_000,0,NOT USED:CHR_NAME_000,0,NOT USED:CHR_NAME_000,0,NOT USED:CHR_NAME_000,0
218,-9254,63,b'Boss/LV_BattleBoss_Tiamat\x00\x00\x00\x00\x00\x00\x00',Tiamat,565,Dragon Head,593,Goat Head,594,Camel Head,595,NOT USED:CHR_NAME_000,0,NOT USED:CHR_NAME_000,0,NOT USED:CHR_NAME_000,0,NOT USED:CHR_NAME_000,0,NOT USED:CHR_NAME_000,0
219,-14117,66,b'Boss/LV_BattleBoss_Tehom\x00\x00\x00\x00\x00\x00\x00\x00',Tehom,597,NOT USED:CHR_NAME_000,0,NOT USED:CHR_NAME_000,0,NOT USED:CHR_NAME_000,0,NOT USED:CHR_NAME_000,0,NOT USED:CHR_NAME_000,0,NOT USED:CHR_NAME_000,0,NOT USED:CHR_NAME_000,0,NOT USED:CHR_NAME_000,0
220,-8740,63,b'Boss/LV_BattleBoss_Tiamat\x00\x00\x00\x00\x00\x00\x00',Tiamat,565,Dragon Head,593,Goat Head,594,Camel Head,595,NOT USED:CHR_NAME_000,0,NOT USED:CHR_NAME_000,0,NOT USED:CHR_NAME_000,0,NOT USED:CHR_NAME_000,0,NOT USED:CHR_NAME_000,0
221,-14115,68,b'\x00\x00\x00\x00\x00\x00\x00\x00\x00\x00\x00\x00\x00\x00\x00\x00\x00\x00\x00\x00\x00\x00\x00\x00\x00\x00\x00\x00\x00\x00\x00\x00',Mastema,596,NOT USED:CHR_NAME_000,0,NOT USED:CHR_NAME_000,0,NOT USED:CHR_NAME_000,0,NOT USED:CHR_NAME_000,0,NOT USED:CHR_NAME_000,0,NOT USED:CHR_NAME_000,0,NOT USED:CHR_NAME_000,0,NOT USED:CHR_NAME_000,0
222,-8226,63,b'Boss/LV_BattleBoss_Tiamat\x00\x00\x00\x00\x00\x00\x00',Tiamat,565,Dragon Head,593,Goat Head,594,Camel Head,595,NOT USED:CHR_NAME_000,0,NOT USED:CHR_NAME_000,0,NOT USED:CHR_NAME_000,0,NOT USED:CHR_NAME_000,0,NOT USED:CHR_NAME_000,0
223,-3617,68,b'\x00\x00\x00\x00\x00\x00\x00\x00\x00\x00\x00\x00\x00\x00\x00\x00\x00\x00\x00\x00\x00\x00\x00\x00\x00\x00\x00\x00\x00\x00\x00\x00',Mastema,596,NOT USED:CHR_NAME_000,0,NOT USED:CHR_NAME_000,0,NOT USED:CHR_NAME_000,0,NOT USED:CHR_NAME_000,0,NOT USED:CHR_NAME_000,0,NOT USED:CHR_NAME_000,0,NOT USED:CHR_NAME_000,0,NOT USED:CHR_NAME_000,0
224,-7712,22,b'Boss/LV_BattleBoss_Surt\x00\x00\x00\x00\x00\x00\x00\x00\x00',Surt,454,NOT USED:CHR_NAME_000,0,NOT USED:CHR_NAME_000,0,NOT USED:CHR_NAME_000,0,NOT USED:CHR_NAME_000,0,NOT USED:CHR_NAME_000,0,NOT USED:CHR_NAME_000,0,NOT USED:CHR_NAME_000,0,NOT USED:CHR_NAME_000,0
225,-7455,23,b'\x00\x00\x00\x00\x00\x00\x00\x00\x00\x00\x00\x00\x00\x00\x00\x00\x00\x00\x00\x00\x00\x00\x00\x00\x00\x00\x00\x00\x00\x00\x00\x00',Ishtar,455,NOT USED:CHR_NAME_000,0,NOT USED:CHR_NAME_000,0,NOT USED:CHR_NAME_000,0,NOT USED:CHR_NAME_000,0,NOT USED:CHR_NAME_000,0,NOT USED:CHR_NAME_000,0,NOT USED:CHR_NAME_000,0,NOT USED:CHR_NAME_000,0
226,-7198,12,b'\x00\x00\x00\x00\x00\x00\x00\x00\x00\x00\x00\x00\x00\x00\x00\x00\x00\x00\x00\x00\x00\x00\x00\x00\x00\x00\x00\x00\x00\x00\x00\x00',Chernobog,466,NOT USED:CHR_NAME_000,0,NOT USED:CHR_NAME_000,0,NOT USED:CHR_NAME_000,0,NOT USED:CHR_NAME_000,0,NOT USED:CHR_NAME_000,0,NOT USED:CHR_NAME_000,0,NOT USED:CHR_NAME_000,0,NOT USED:CHR_NAME_000,0
227,227,13,b'\x00\x00\x00\x00\x00\x00\x00\x00\x00\x00\x00\x00\x00\x00\x00\x00\x00\x00\x00\x00\x00\x00\x00\x00\x00\x00\x00\x00\x00\x00\x00\x00',Arioch,463,NOT USED:CHR_NAME_000,0,NOT USED:CHR_NAME_000,0,NOT USED:CHR_NAME_000,0,NOT USED:CHR_NAME_000,0,NOT USED:CHR_NAME_000,0,NOT USED:CHR_NAME_000,0,NOT USED:CHR_NAME_000,0,NOT USED:CHR_NAME_000,0
228,228,71,b'0\x00\x00\x00\x00\x00\x00\x00\x00\x00\x00\x00\x00\x00\x00\x00\x00\x00\x00\x00\x00\x00\x00\x00\x00\x00\x00\x00\x00\x00\x00\x00',Andras,781,Andras,781,Andras,781,NOT USED:CHR_NAME_000,0,NOT USED:CHR_NAME_000,0,NOT USED:CHR_NAME_000,0,NOT USED:CHR_NAME_000,0,NOT USED:CHR_NAME_000,0,NOT USED:CHR_NAME_000,0
229,229,22,b'Boss/LV_BattleBoss_Chimera\x00\x00\x00\x00\x00\x00',Chimera,812,NOT USED:CHR_NAME_000,0,NOT USED:CHR_NAME_000,0,NOT USED:CHR_NAME_000,0,NOT USED:CHR_NAME_000,0,NOT USED:CHR_NAME_000,0,NOT USED:CHR_NAME_000,0,NOT USED:CHR_NAME_000,0,NOT USED:CHR_NAME_000,0
230,230,72,b'0\x00\x00\x00\x00\x00\x00\x00\x00\x00\x00\x00\x00\x00\x00\x00\x00\x00\x00\x00\x00\x00\x00\x00\x00\x00\x00\x00\x00\x00\x00\x00',Saturnus,782,NOT USED:CHR_NAME_000,0,NOT USED:CHR_NAME_000,0,NOT USED:CHR_NAME_000,0,NOT USED:CHR_NAME_000,0,NOT USED:CHR_NAME_000,0,NOT USED:CHR_NAME_000,0,NOT USED:CHR_NAME_000,0,NOT USED:CHR_NAME_000,0
231,231,24,b'0\x00\x00\x00\x00\x00\x00\x00\x00\x00\x00\x00\x00\x00\x00\x00\x00\x00\x00\x00\x00\x00\x00\x00\x00\x00\x00\x00\x00\x00\x00\x00',Okuninushi,822,Sukuna-Hikona,823,Take-Minakata,824,Oyamatsumi,825,NOT USED:CHR_NAME_000,0,NOT USED:CHR_NAME_000,0,NOT USED:CHR_NAME_000,0,NOT USED:CHR_NAME_000,0,NOT USED:CHR_NAME_000,0
232,-5656,6,b'0\x00\x00\x00\x00\x00\x00\x00\x00\x00\x00\x00\x00\x00\x00\x00\x00\x00\x00\x00\x00\x00\x00\x00\x00\x00\x00\x00\x00\x00\x00\x00',Power,484,NOT USED:CHR_NAME_000,0,NOT USED:CHR_NAME_000,0,NOT USED:CHR_NAME_000,0,NOT USED:CHR_NAME_000,0,NOT USED:CHR_NAME_000,0,NOT USED:CHR_NAME_000,0,NOT USED:CHR_NAME_000,0,NOT USED:CHR_NAME_000,0
233,-5399,6,b'0\x00\x00\x00\x00\x00\x00\x00\x00\x00\x00\x00\x00\x00\x00\x00\x00\x00\x00\x00\x00\x00\x00\x00\x00\x00\x00\x00\x00\x00\x00\x00',Power,484,Power,484,NOT USED:CHR_NAME_000,0,NOT USED:CHR_NAME_000,0,NOT USED:CHR_NAME_000,0,NOT USED:CHR_NAME_000,0,NOT USED:CHR_NAME_000,0,NOT USED:CHR_NAME_000,0,NOT USED:CHR_NAME_000,0
234,-5142,6,b'0\x00\x00\x00\x00\x00\x00\x00\x00\x00\x00\x00\x00\x00\x00\x00\x00\x00\x00\x00\x00\x00\x00\x00\x00\x00\x00\x00\x00\x00\x00\x00',Power,484,Power,484,Power,484,NOT USED:CHR_NAME_000,0,NOT USED:CHR_NAME_000,0,NOT USED:CHR_NAME_000,0,NOT USED:CHR_NAME_000,0,NOT USED:CHR_NAME_000,0,NOT USED:CHR_NAME_000,0
235,235,6,b'0\x00\x00\x00\x00\x00\x00\x00\x00\x00\x00\x00\x00\x00\x00\x00\x00\x00\x00\x00\x00\x00\x00\x00\x00\x00\x00\x00\x00\x00\x00\x00',Power,484,Power,484,Power,484,Power,484,Power,484,NOT USED:CHR_NAME_000,0,NOT USED:CHR_NAME_000,0,NOT USED:CHR_NAME_000,0,NOT USED:CHR_NAME_000,0
236,236,6,b'0\x00\x00\x00\x00\x00\x00\x00\x00\x00\x00\x00\x00\x00\x00\x00\x00\x00\x00\x00\x00\x00\x00\x00\x00\x00\x00\x00\x00\x00\x00\x00',Power,484,NOT USED:CHR_NAME_000,0,NOT USED:CHR_NAME_000,0,NOT USED:CHR_NAME_000,0,NOT USED:CHR_NAME_000,0,NOT USED:CHR_NAME_000,0,NOT USED:CHR_NAME_000,0,NOT USED:CHR_NAME_000,0,NOT USED:CHR_NAME_000,0
237,237,6,b'0\x00\x00\x00\x00\x00\x00\x00\x00\x00\x00\x00\x00\x00\x00\x00\x00\x00\x00\x00\x00\x00\x00\x00\x00\x00\x00\x00\x00\x00\x00\x00',Power,484,Power,484,NOT USED:CHR_NAME_000,0,NOT USED:CHR_NAME_000,0,NOT USED:CHR_NAME_000,0,NOT USED:CHR_NAME_000,0,NOT USED:CHR_NAME_000,0,NOT USED:CHR_NAME_000,0,NOT USED:CHR_NAME_000,0
238,238,72,b'Boss/LV_BattleBoss_Gogmagog\x00\x00\x00\x00\x00',Gogmagog,890,NOT USED:CHR_NAME_000,0,NOT USED:CHR_NAME_000,0,NOT USED:CHR_NAME_000,0,NOT USED:CHR_NAME_000,0,NOT USED:CHR_NAME_000,0,NOT USED:CHR_NAME_000,0,NOT USED:CHR_NAME_000,0,NOT USED:CHR_NAME_000,0
239,239,71,b'Boss/LV_BattleBoss_Gurr\x00\x00\x00\x00\x00\x00\x00\x00\x00',Gurulu,891,NOT USED:CHR_NAME_000,0,NOT USED:CHR_NAME_000,0,NOT USED:CHR_NAME_000,0,NOT USED:CHR_NAME_000,0,NOT USED:CHR_NAME_000,0,NOT USED:CHR_NAME_000,0,NOT USED:CHR_NAME_000,0,NOT USED:CHR_NAME_000,0
240,240,75,b'Boss/LV_BattleBoss_Mara\x00\x00\x00\x00\x00\x00\x00\x00\x00',Mara,892,NOT USED:CHR_NAME_000,0,NOT USED:CHR_NAME_000,0,NOT USED:CHR_NAME_000,0,NOT USED:CHR_NAME_000,0,NOT USED:CHR_NAME_000,0,NOT USED:CHR_NAME_000,0,NOT USED:CHR_NAME_000,0,NOT USED:CHR_NAME_000,0
241,-12815,66,b'Boss/LV_BattleBoss_Tehom\x00\x00\x00\x00\x00\x00\x00\x00',Tehom,597,NOT USED:CHR_NAME_000,0,NOT USED:CHR_NAME_000,0,NOT USED:CHR_NAME_000,0,NOT USED:CHR_NAME_000,0,NOT USED:CHR_NAME_000,0,NOT USED:CHR_NAME_000,0,NOT USED:CHR_NAME_000,0,NOT USED:CHR_NAME_000,0
242,242,255,b'0\x00\x00\x00\x00\x00\x00\x00\x00\x00\x00\x00\x00\x00\x00\x00\x00\x00\x00\x00\x00\x00\x00\x00\x00\x00\x00\x00\x00\x00\x00\x00',Isis,579,Lamia,580,Lamia,580,NOT USED:CHR_NAME_000,0,NOT USED:CHR_NAME_000,0,NOT USED:CHR_NAME_000,0,NOT USED:CHR_NAME_000,0,NOT USED:CHR_NAME_000,0,NOT USED:CHR_NAME_000,0
243,-11021,71,b'\x00\x00\x00\x00\x00\x00\x00\x00\x00\x00\x00\x00\x00\x00\x00\x00\x00\x00\x00\x00\x00\x00\x00\x00\x00\x00\x00\x00\x00\x00\x00\x00',Isis,579,Lamia,580,Lamia,580,NOT USED:CHR_NAME_000,0,NOT USED:CHR_NAME_000,0,NOT USED:CHR_NAME_000,0,NOT USED:CHR_NAME_000,0,NOT USED:CHR_NAME_000,0,NOT USED:CHR_NAME_000,0
244,244,80,b'0\x00\x00\x00\x00\x00\x00\x00\x00\x00\x00\x00\x00\x00\x00\x00\x00\x00\x00\x00\x00\x00\x00\x00\x00\x00\x00\x00\x00\x00\x00\x00',Konohana Sakuya,948,NOT USED:CHR_NAME_000,0,NOT USED:CHR_NAME_000,0,NOT USED:CHR_NAME_000,0,NOT USED:CHR_NAME_000,0,NOT USED:CHR_NAME_000,0,NOT USED:CHR_NAME_000,0,NOT USED:CHR_NAME_000,0,NOT USED:CHR_NAME_000,0
245,245,81,b'0\x00\x00\x00\x00\x00\x00\x00\x00\x00\x00\x00\x00\x00\x00\x00\x00\x00\x00\x00\x00\x00\x00\x00\x00\x00\x00\x00\x00\x00\x00\x00',Dagda,947,NOT USED:CHR_NAME_000,0,NOT USED:CHR_NAME_000,0,NOT USED:CHR_NAME_000,0,NOT USED:CHR_NAME_000,0,NOT USED:CHR_NAME_000,0,NOT USED:CHR_NAME_000,0,NOT USED:CHR_NAME_000,0,NOT USED:CHR_NAME_000,0
246,-2058,5,b'\x00\x00\x00\x00\x00\x00\x00\x00\x00\x00\x00\x00\x00\x00\x00\x00\x00\x00\x00\x00\x00\x00\x00\x00\x00\x00\x00\x00\x00\x00\x00\x00',Fionn mac Cumhaill,451,NOT USED:CHR_NAME_000,0,NOT USED:CHR_NAME_000,0,NOT USED:CHR_NAME_000,0,NOT USED:CHR_NAME_000,0,NOT USED:CHR_NAME_000,0,NOT USED:CHR_NAME_000,0,NOT USED:CHR_NAME_000,0,NOT USED:CHR_NAME_000,0
247,-1289,59,b'Boss/LV_BattleBoss_YakumoJyoka\x00\x00',Shohei Yakumo,567,Nuwa,550,NOT USED:CHR_NAME_000,0,NOT USED:CHR_NAME_000,0,NOT USED:CHR_NAME_000,0,NOT USED:CHR_NAME_000,0,NOT USED:CHR_NAME_000,0,NOT USED:CHR_NAME_000,0,NOT USED:CHR_NAME_000,0
248,248,6,b'0\x00\x00\x00\x00\x00\x00\x00\x00\x00\x00\x00\x00\x00\x00\x00\x00\x00\x00\x00\x00\x00\x00\x00\x00\x00\x00\x00\x00\x00\x00\x00',Dominion,485,Dominion,485,Power,484,Power,484,NOT USED:CHR_NAME_000,0,NOT USED:CHR_NAME_000,0,NOT USED:CHR_NAME_000,0,NOT USED:CHR_NAME_000,0,NOT USED:CHR_NAME_000,0
249,249,6,b'0\x00\x00\x00\x00\x00\x00\x00\x00\x00\x00\x00\x00\x00\x00\x00\x00\x00\x00\x00\x00\x00\x00\x00\x00\x00\x00\x00\x00\x00\x00\x00',Cherub,486,Cherub,486,NOT USED:CHR_NAME_000,0,NOT USED:CHR_NAME_000,0,NOT USED:CHR_NAME_000,0,NOT USED:CHR_NAME_000,0,NOT USED:CHR_NAME_000,0,NOT USED:CHR_NAME_000,0,NOT USED:CHR_NAME_000,0
250,250,13,b'\x00\x00\x00\x00\x00\x00\x00\x00\x00\x00\x00\x00\x00\x00\x00\x00\x00\x00\x00\x00\x00\x00\x00\x00\x00\x00\x00\x00\x00\x00\x00\x00',Abdiel,564,NOT USED:CHR_NAME_000,0,NOT USED:CHR_NAME_000,0,NOT USED:CHR_NAME_000,0,NOT USED:CHR_NAME_000,0,NOT USED:CHR_NAME_000,0,NOT USED:CHR_NAME_000,0,NOT USED:CHR_NAME_000,0,NOT USED:CHR_NAME_000,0
251,251,22,b'0\x00\x00\x00\x00\x00\x00\x00\x00\x00\x00\x00\x00\x00\x00\x00\x00\x00\x00\x00\x00\x00\x00\x00\x00\x00\x00\x00\x00\x00\x00\x00',Belial,840,NOT USED:CHR_NAME_000,0,NOT USED:CHR_NAME_000,0,NOT USED:CHR_NAME_000,0,NOT USED:CHR_NAME_000,0,NOT USED:CHR_NAME_000,0,NOT USED:CHR_NAME_000,0,NOT USED:CHR_NAME_000,0,NOT USED:CHR_NAME_000,0
