Demon Name,Script File,Original Skill ID,New Skill ID
Shiva,BtlAI_e099,12,999
Shiva,BtlAI_e099,42,1000
Shiva,BtlAI_e099,160,1001
Shiva,BtlAI_e099,163,1002
Shiva,BtlAI_e099,75,1003
Shiva,BtlAI_e099,261,1004
Shiva,BtlAI_e099,148,1005
Shiva,BtlAI_e099,479,1006
Ganesha,BtlAI_e114,167,999
Ganesha,BtlAI_e114,129,1000
Ganesha,BtlAI_e114,247,1001
Ganesha,BtlAI_e114,127,1002
Ganesha,BtlAI_e114,479,1003
Kali,BtlAI_e115,96,999
Kali,BtlAI_e115,133,1000
Kali,BtlAI_e115,247,1001
Kali,BtlAI_e115,127,1002
Dakini,BtlAI_e116,92,999
Dakini,BtlAI_e116,119,1000
Dakini,BtlAI_e116,247,1001
Dakini,BtlAI_e116,137,1002
Ananta,BtlAI_e117,123,999
Ananta,BtlAI_e117,384,1000
Ananta,BtlAI_e117,247,1001
Ananta,BtlAI_e117,137,1002
Parvati,BtlAI_e118,71,999
Parvati,BtlAI_e118,125,1000
Parvati,BtlAI_e118,247,1001
Parvati,BtlAI_e118,137,1002
Parvati,BtlAI_e118,479,1003
Satan,BtlAI_e172,930,999
Satan,BtlAI_e172,931,1000
Satan,BtlAI_e172,160,1001
Satan,BtlAI_e172,8,1002
Satan,BtlAI_e172,75,1017
Satan,BtlAI_e172,475,1004
Satan,BtlAI_e172,7,1005
Satan,BtlAI_e172,12,1006
Satan,BtlAI_e172,22,1007
Satan,BtlAI_e172,27,1008
Satan,BtlAI_e172,37,1009
Satan,BtlAI_e172,42,1010
Satan,BtlAI_e172,52,1011
Satan,BtlAI_e172,57,1012
Satan,BtlAI_e172,63,1013
Satan,BtlAI_e172,66,1014
Satan,BtlAI_e172,69,1015
Satan,BtlAI_e172,72,1016
Satan,BtlAI_e172,77,1018
Satan,BtlAI_e172,81,1019
Satan,BtlAI_e172,82,1020
Satan,BtlAI_e172,89,1021
Satan,BtlAI_e172,91,1022
Satan,BtlAI_e172,93,1023
Satan,BtlAI_e172,194,1024
Satan,BtlAI_e172,211,1025
Satan,BtlAI_e172,250,1026
Satan,BtlAI_e172,933,1027
Arahabaki,BtlAI_e173,81,999
Arahabaki,BtlAI_e173,75,1000
Arahabaki,BtlAI_e173,143,1001
Titania,BtlAI_e174,37,999
Titania,BtlAI_e174,42,1000
Titania,BtlAI_e174,127,1001
Titania,BtlAI_e174,137,1002
Titania,BtlAI_e174,148,1003
Sarasvati,BtlAI_e175,22,999
Sarasvati,BtlAI_e175,27,1000
Sarasvati,BtlAI_e175,127,1001
Sarasvati,BtlAI_e175,137,1002
Sarasvati,BtlAI_e175,148,1003
Yatagarasu,BtlAI_e176,69,999
Yatagarasu,BtlAI_e176,72,1000
Yatagarasu,BtlAI_e176,127,1001
Yatagarasu,BtlAI_e176,137,1002
Yatagarasu,BtlAI_e176,148,1003
Ganesha,BtlAI_e177,194,999
Ganesha,BtlAI_e177,126,1000
Ganesha,BtlAI_e177,136,1001
Ganesha,BtlAI_e177,148,1002
Kumbhanda,BtlAI_e178,211,999
Kumbhanda,BtlAI_e178,126,1000
Kumbhanda,BtlAI_e178,136,1001
Fafnir,BtlAI_e179,52,999
Fafnir,BtlAI_e179,57,1000
Fafnir,BtlAI_e179,127,1001
Fafnir,BtlAI_e179,137,1002
Fafnir,BtlAI_e179,148,1003
Mada,BtlAI_e180,7,999
Mada,BtlAI_e180,12,1000
Mada,BtlAI_e180,127,1001
Mada,BtlAI_e180,137,1002
Mada,BtlAI_e180,148,1003
Sraosha,BtlAI_e181,77,999
Sraosha,BtlAI_e181,75,1000
Sraosha,BtlAI_e181,142,1001
Hariti,BtlAI_e182,82,999
Hariti,BtlAI_e182,91,1000
Hariti,BtlAI_e182,89,1001
Hariti,BtlAI_e182,126,1002
Hariti,BtlAI_e182,136,1003
Kaiwan,BtlAI_e183,63,999
Kaiwan,BtlAI_e183,66,1000
Kaiwan,BtlAI_e183,127,1001
Kaiwan,BtlAI_e183,137,1002
Kaiwan,BtlAI_e183,148,1003
Macabre,BtlAI_e184,82,999
Macabre,BtlAI_e184,250,1000
Macabre,BtlAI_e184,93,1001
Macabre,BtlAI_e184,126,1002
Macabre,BtlAI_e184,136,1003
Masakado,BtlAI_e202,849,999
Masakado,BtlAI_e202,850,1000
Masakado,BtlAI_e202,447,1001
Masakado,BtlAI_e202,481,1002
Masakado,BtlAI_e202,479,1003
Masakado,BtlAI_e202,848,1004
Masakado,BtlAI_e202,164,1005
Masakado,BtlAI_e202,178,1006
Masakado,BtlAI_e202,244,1007
Masakado,BtlAI_e202,245,1008
Masakado,BtlAI_e202,179,1009
Masakado,BtlAI_e202,180,1010
Masakado,BtlAI_e202,181,1011
Demi-fiend,BtlAI_e139,370,999
Demi-fiend,BtlAI_e139,371,1000
Demi-fiend,BtlAI_e139,397,1001
Demi-fiend,BtlAI_e139,398,1002
Demi-fiend,BtlAI_e139,374,1003
Demi-fiend,BtlAI_e139,102,1004
Cerberus,BtlAI_e150,14,999
Cerberus,BtlAI_e150,200,1000
Cerberus,BtlAI_e150,205,1001
Cerberus,BtlAI_e150,96,1002
Cerberus,BtlAI_e150,136,1003
Cerberus,BtlAI_e150,75,1004
Cerberus,BtlAI_e150,479,1005
Cerberus,BtlAI_e150,127,1006
Jack Frost,BtlAI_e152,220,999
Jack Frost,BtlAI_e152,29,1000
Jack Frost,BtlAI_e152,170,1001
Jack Frost,BtlAI_e152,84,1002
Jack Frost,BtlAI_e152,126,1003
Jack Frost,BtlAI_e152,75,1004
Jack Frost,BtlAI_e152,127,1005
Jack Frost,BtlAI_e152,137,1006
Pixie,BtlAI_e149,50,999
Pixie,BtlAI_e149,56,1000
Pixie,BtlAI_e149,385,1001
Pixie,BtlAI_e149,82,1002
Pixie,BtlAI_e149,126,1003
Pixie,BtlAI_e149,75,1004
Pixie,BtlAI_e149,127,1005
Pixie,BtlAI_e149,137,1006
Thor,BtlAI_e151,41,999
Thor,BtlAI_e151,44,1000
Thor,BtlAI_e151,166,1001
Thor,BtlAI_e151,90,1002
Thor,BtlAI_e151,136,1003
Thor,BtlAI_e151,75,1004
Thor,BtlAI_e151,127,1005
Thor,BtlAI_e151,137,1006
Girimekhala,BtlAI_e148,163,999
Girimekhala,BtlAI_e148,65,1000
Girimekhala,BtlAI_e148,250,1001
Girimekhala,BtlAI_e148,86,1002
Girimekhala,BtlAI_e148,136,1003
Girimekhala,BtlAI_e148,75,1004
Girimekhala,BtlAI_e148,127,1005
Girimekhala,BtlAI_e148,137,1006
Parvati,BtlAI_e153,68,999
Parvati,BtlAI_e153,71,1000
Parvati,BtlAI_e153,100,1001
Parvati,BtlAI_e153,92,1002
Parvati,BtlAI_e153,126,1003
Parvati,BtlAI_e153,75,1004
Parvati,BtlAI_e153,127,1005
Parvati,BtlAI_e153,137,1006
Cu Chulainn,BtlAI_e147,57,999
Cu Chulainn,BtlAI_e147,168,1000
Cu Chulainn,BtlAI_e147,184,1001
Cu Chulainn,BtlAI_e147,94,1002
Cu Chulainn,BtlAI_e147,136,1003
Cu Chulainn,BtlAI_e147,75,1004
Cu Chulainn,BtlAI_e147,479,1005
Cu Chulainn,BtlAI_e147,127,1006
Masakado,BtlAI_e201,849,999
Masakado,BtlAI_e201,850,1000
Masakado,BtlAI_e201,447,1001
Masakado,BtlAI_e201,481,1002
Masakado,BtlAI_e201,479,1003
Masakado,BtlAI_e201,848,1004
Masakado,BtlAI_e201,164,1005
Masakado,BtlAI_e201,178,1006
Masakado,BtlAI_e201,244,1007
Masakado,BtlAI_e201,245,1008
Masakado,BtlAI_e201,179,1009
Masakado,BtlAI_e201,180,1010
Masakado,BtlAI_e201,181,1011
Mandrake,BtlAI_e055,31,999
Mermaid,BtlAI_e055,256,999
Mermaid,BtlAI_e055,91,1000
Sudama,BtlAI_e055,54,999
Leanan Sidhe,BtlAI_e055,64,999
Ippon-Datara,BtlAI_e055,169,999
Ippon-Datara,BtlAI_e055,161,1000
Shiisaa,BtlAI_e055,39,999
Shiisaa,BtlAI_e055,33,1000
NOT USED,BtlAI_e055,220,999
Makami,BtlAI_e055,70,999
Feng Huang,BtlAI_e055,3,999
Basilisk,BtlAI_e055,213,999
Basilisk,BtlAI_e055,86,1000
Baphomet,BtlAI_e055,64,999
Baphomet,BtlAI_e055,10,1000
Baphomet,BtlAI_e055,501,1001
Thoth,BtlAI_e055,73,999
Thoth,BtlAI_e055,129,1000
Thoth,BtlAI_e055,353,1001
Naga Raja,BtlAI_e055,242,999
Naga Raja,BtlAI_e055,25,1000
Naga Raja,BtlAI_e055,173,1001
Mishaguji,BtlAI_e055,65,999
Mishaguji,BtlAI_e055,129,1000
Anzu,BtlAI_e055,196,999
Anzu,BtlAI_e055,33,1000
Anzu,BtlAI_e055,212,1001
Kaiwan,BtlAI_e055,65,999
Kaiwan,BtlAI_e055,140,1000
Kaiwan,BtlAI_e055,123,1001
Hanuman,BtlAI_e055,176,999
Hanuman,BtlAI_e055,181,1000
Hanuman,BtlAI_e055,133,1001
Oberon,BtlAI_e055,50,999
Oberon,BtlAI_e055,150,1000
Isis,BtlAI_e055,33,999
Isis,BtlAI_e055,366,1000
Cu Chulainn,BtlAI_e055,184,999
Cu Chulainn,BtlAI_e055,55,1000
Dakini,BtlAI_e055,188,999
Dakini,BtlAI_e055,10,1000
Silky,BtlAI_e055,18,999
Silky,BtlAI_e055,125,1000
Sarasvati,BtlAI_e055,84,999
Sarasvati,BtlAI_e055,25,1000
Kushinada-Hime,BtlAI_e055,355,999
Kushinada-Hime,BtlAI_e055,129,1000
Yurlungur,BtlAI_e055,20,999
Yurlungur,BtlAI_e055,99,1000
Yurlungur,BtlAI_e055,35,1001
Scathach,BtlAI_e055,71,999
Scathach,BtlAI_e055,94,1000
Scathach,BtlAI_e055,189,1001
Cybele,BtlAI_e055,11,999
Cybele,BtlAI_e055,92,1000
Cybele,BtlAI_e055,188,1001
Skadi,BtlAI_e055,26,999
Skadi,BtlAI_e055,65,1000
Atavaka,BtlAI_e055,245,999
Atavaka,BtlAI_e055,65,1000
Barong,BtlAI_e055,41,999
Barong,BtlAI_e055,196,1000
Siegfried,BtlAI_e055,163,999
Siegfried,BtlAI_e055,159,1000
Slime,BtlAI_e055,157,999
Slime,BtlAI_e055,85,1000
Slime,BtlAI_e055,470,1001
Slime,BtlAI_e055,471,1002
Slime,BtlAI_e055,402,1003
Pixie,BtlAI_e055,46,999
Pixie,BtlAI_e055,381,1000
Pixie,BtlAI_e055,499,1001
Pixie,BtlAI_e055,500,1002
Pixie,BtlAI_e055,414,1003
Pixie,BtlAI_e055,418,1004
Onmoraki,BtlAI_e055,1,999
Onmoraki,BtlAI_e055,89,1000
Onmoraki,BtlAI_e055,434,1001
Onmoraki,BtlAI_e055,435,1002
Onmoraki,BtlAI_e055,426,1003
Onmoraki,BtlAI_e055,406,1004
Preta,BtlAI_e055,203,999
Preta,BtlAI_e055,16,1000
Preta,BtlAI_e055,480,1001
Preta,BtlAI_e055,481,1002
Preta,BtlAI_e055,410,1003
Preta,BtlAI_e055,422,1004
Yatagarasu,BtlAI_e055,59,999
Yatagarasu,BtlAI_e055,68,1000
Yatagarasu,BtlAI_e055,99,1001
Throne,BtlAI_e055,68,999
Throne,BtlAI_e055,11,1000
Throne,BtlAI_e055,384,1001
Mitra,BtlAI_e055,68,999
Mitra,BtlAI_e055,74,1000
Mitra,BtlAI_e055,150,1001
Rangda,BtlAI_e055,59,999
Rangda,BtlAI_e055,197,1000
Rangda,BtlAI_e055,140,1001
Yamata-no-Orochi,BtlAI_e055,168,999
Yamata-no-Orochi,BtlAI_e055,479,1000
Succubus,BtlAI_e055,80,999
Succubus,BtlAI_e055,129,1000
Muu Shuwuu,BtlAI_e055,839,999
Muu Shuwuu,BtlAI_e055,139,1000
Kumbhanda,BtlAI_e055,167,999
Kumbhanda,BtlAI_e055,80,1000
Senri,BtlAI_e055,92,999
Senri,BtlAI_e055,150,1000
Senri,BtlAI_e055,181,1001
Dormarth,BtlAI_e055,205,999
Dormarth,BtlAI_e055,62,1000
Dormarth,BtlAI_e055,182,1001
Orthrus,BtlAI_e055,199,999
Orthrus,BtlAI_e055,178,1000
Lamia,BtlAI_e055,33,999
Lamia,BtlAI_e055,62,1000
Anzu,BtlAI_e055,212,999
Anzu,BtlAI_e055,122,1000
Mad Gasser,BtlAI_e055,86,999
Mad Gasser,BtlAI_e055,140,1000
Mad Gasser,BtlAI_e055,470,1001
Efreet,BtlAI_e055,5,999
Efreet,BtlAI_e055,11,1000
Orobas,BtlAI_e055,5,999
Orobas,BtlAI_e055,135,1000
Flauros,BtlAI_e055,178,999
Flauros,BtlAI_e055,144,1000
Vritra,BtlAI_e055,44,999
Vritra,BtlAI_e055,199,1000
Vritra,BtlAI_e055,479,1001
Jatayu,BtlAI_e081,167,999
Jatayu,BtlAI_e081,48,1000
Jatayu,BtlAI_e081,122,1001
Jatayu,BtlAI_e081,157,1002
Oyamatsumi,BtlAI_e045,179,999
Oyamatsumi,BtlAI_e045,118,1000
Oyamatsumi,BtlAI_e045,213,1001
Oyamatsumi,BtlAI_e045,26,1002
Oyamatsumi,BtlAI_e045,169,1003
Oyamatsumi,BtlAI_e045,153,1004
Thunderbird,BtlAI_e090,33,999
Thunderbird,BtlAI_e090,40,1000
Thunderbird,BtlAI_e090,133,1001
Thunderbird,BtlAI_e090,143,1002
Thunderbird,BtlAI_e090,392,1003
Kumbhanda,BtlAI_e091,188,999
Kumbhanda,BtlAI_e091,80,1000
Kumbhanda,BtlAI_e091,48,1001
Kumbhanda,BtlAI_e091,167,1002
Kumbhanda,BtlAI_e091,55,1003
Chimera,BtlAI_e011,205,999
Chimera,BtlAI_e011,204,1000
Chimera,BtlAI_e011,10,1001
Chimera,BtlAI_e011,35,1002
Hecatoncheires,BtlAI_e012,93,999
Hecatoncheires,BtlAI_e012,122,1000
Hecatoncheires,BtlAI_e012,213,1001
Hecatoncheires,BtlAI_e012,216,1002
Hecatoncheires,BtlAI_e012,180,1003
Hecatoncheires,BtlAI_e012,144,1004
Girimekhala,BtlAI_e052,243,999
Girimekhala,BtlAI_e052,65,1000
Girimekhala,BtlAI_e052,135,1001
Girimekhala,BtlAI_e052,162,1002
Girimekhala,BtlAI_e052,213,1003
Girimekhala,BtlAI_e052,90,1004
Abaddon,BtlAI_e063,204,999
Abaddon,BtlAI_e063,205,1000
Abaddon,BtlAI_e063,26,1001
Abaddon,BtlAI_e063,86,1002
Abaddon,BtlAI_e063,96,1003
Abaddon,BtlAI_e063,163,1004
Abaddon,BtlAI_e063,435,1005
Zouchouten,BtlAI_e086,118,999
Zouchouten,BtlAI_e086,142,1000
Zouchouten,BtlAI_e086,40,1001
Zouchouten,BtlAI_e086,184,1002
Zouchouten,BtlAI_e086,83,1003
Koumokuten,BtlAI_e025,135,999
Koumokuten,BtlAI_e025,133,1000
Koumokuten,BtlAI_e025,55,1001
Koumokuten,BtlAI_e025,171,1002
Koumokuten,BtlAI_e025,213,1003
Jikokuten,BtlAI_e079,135,999
Jikokuten,BtlAI_e079,142,1000
Jikokuten,BtlAI_e079,25,1001
Jikokuten,BtlAI_e079,96,1002
Jikokuten,BtlAI_e079,188,1003
Jikokuten,BtlAI_e079,162,1004
Bishamonten,BtlAI_e100,118,999
Bishamonten,BtlAI_e100,172,1000
Bishamonten,BtlAI_e100,5,1001
Bishamonten,BtlAI_e100,162,1002
Bishamonten,BtlAI_e100,11,1003
Baihu,BtlAI_e109,196,999
Baihu,BtlAI_e109,40,1000
Baihu,BtlAI_e109,260,1001
Baihu,BtlAI_e109,205,1002
Zhuque,BtlAI_e108,3,999
Zhuque,BtlAI_e108,133,1000
Zhuque,BtlAI_e108,10,1001
Zhuque,BtlAI_e108,137,1002
Zhuque,BtlAI_e108,84,1003
Qing Long,BtlAI_e107,18,999
Qing Long,BtlAI_e107,59,1000
Qing Long,BtlAI_e107,129,1001
Qing Long,BtlAI_e107,206,1002
Xuanwu,BtlAI_e110,29,999
Xuanwu,BtlAI_e110,124,1000
Xuanwu,BtlAI_e110,165,1001
Xuanwu,BtlAI_e110,18,1002
Xuanwu,BtlAI_e110,144,1003
Seth,BtlAI_e122,200,999
Seth,BtlAI_e122,41,1000
Seth,BtlAI_e122,56,1001
Seth,BtlAI_e122,90,1002
Seth,BtlAI_e122,129,1003
Seth,BtlAI_e122,205,1004
Horus,BtlAI_e121,216,999
Horus,BtlAI_e121,245,1000
Horus,BtlAI_e121,70,1001
Horus,BtlAI_e121,71,1002
Horus,BtlAI_e121,73,1003
Horus,BtlAI_e121,122,1004
Horus,BtlAI_e121,133,1005
Garuda,BtlAI_e055,56,999
Garuda,BtlAI_e055,123,1000
Garuda,BtlAI_e055,211,1001
Garuda,BtlAI_e055,435,1002
Quetzalcoatl,BtlAI_e138,10,999
Quetzalcoatl,BtlAI_e138,48,1000
Quetzalcoatl,BtlAI_e138,133,1001
Quetzalcoatl,BtlAI_e138,86,1002
Gogmagog,BtlAI_e055,170,999
Gogmagog,BtlAI_e055,216,1000
Gogmagog,BtlAI_e055,168,1001
Gogmagog,BtlAI_e055,144,1002
Gogmagog,BtlAI_e055,447,1003
Mara,BtlAI_e212,166,999
Mara,BtlAI_e212,250,1000
Mara,BtlAI_e212,851,1001
Mara,BtlAI_e212,214,1002
Mara,BtlAI_e212,471,1003
Gurulu,BtlAI_e055,82,999
Gurulu,BtlAI_e055,56,1000
Gurulu,BtlAI_e055,188,1001
Gurulu,BtlAI_e055,197,1002
Melchizedek,BtlAI_e101,159,999
Melchizedek,BtlAI_e101,68,1000
Melchizedek,BtlAI_e101,71,1001
Melchizedek,BtlAI_e101,96,1002
Melchizedek,BtlAI_e101,159,999
Melchizedek,BtlAI_e101,68,1000
Melchizedek,BtlAI_e101,71,1001
Melchizedek,BtlAI_e101,96,1002
Sraosha,BtlAI_e102,69,999
Sraosha,BtlAI_e102,72,1000
Sraosha,BtlAI_e102,143,1001
Sraosha,BtlAI_e102,77,1002
Sraosha,BtlAI_e102,84,1003
Sraosha,BtlAI_e102,140,1004
Alilat,BtlAI_e103,75,999
Alilat,BtlAI_e103,143,1000
Flauros,BtlAI_e104,162,999
Flauros,BtlAI_e104,196,1000
Flauros,BtlAI_e104,5,1001
Ose,BtlAI_e105,186,999
Ose,BtlAI_e105,167,1000
Ose,BtlAI_e105,127,1001
Belial,BtlAI_e094,63,999
Belial,BtlAI_e094,12,1000
Belial,BtlAI_e094,136,1001
Belial,BtlAI_e094,166,1002
Belial,BtlAI_e094,142,1003
Belial,BtlAI_e094,66,1004
Michael,BtlAI_e095,8,999
Michael,BtlAI_e095,164,1000
Michael,BtlAI_e095,72,1001
Michael,BtlAI_e095,13,1002
Michael,BtlAI_e095,163,1003
Michael,BtlAI_e095,75,1004
Pazuzu,BtlAI_e080,61,999
Pazuzu,BtlAI_e080,64,1000
Pazuzu,BtlAI_e080,89,1001
Pazuzu,BtlAI_e080,54,1002
Anzu,BtlAI_e055,195,999
Lamia,BtlAI_e055,39,999
Lamia,BtlAI_e055,79,1000
Lahmu,BtlAI_e066,61,999
Andras,BtlAI_e055,85,999
Andras,BtlAI_e055,122,1000
Rakshasa,BtlAI_e055,202,999
Rakshasa,BtlAI_e055,434,1000
Rakshasa,BtlAI_e055,202,999
Rakshasa,BtlAI_e055,434,1000
Incubus,BtlAI_e055,207,999
Incubus,BtlAI_e055,79,1000
Incubus,BtlAI_e055,207,999
Incubus,BtlAI_e055,79,1000
Andras,BtlAI_e055,85,999
Andras,BtlAI_e055,122,1000
Rakshasa,BtlAI_e055,202,999
Rakshasa,BtlAI_e055,434,1000
Andras,BtlAI_e055,85,999
Andras,BtlAI_e055,122,1000
Andras,BtlAI_e055,85,999
Andras,BtlAI_e055,122,1000
Rakshasa,BtlAI_e055,202,999
Rakshasa,BtlAI_e055,434,1000
Aitvaras,BtlAI_e055,254,999
Aitvaras,BtlAI_e055,157,1000
Incubus,BtlAI_e055,207,999
Incubus,BtlAI_e055,79,1000
Tsuchigumo,BtlAI_e055,195,999
Tsuchigumo,BtlAI_e055,39,1000
Oni,BtlAI_e055,165,999
Oni,BtlAI_e055,213,1000
Oni,BtlAI_e055,165,999
Oni,BtlAI_e055,213,1000
Rakshasa,BtlAI_e055,202,999
Rakshasa,BtlAI_e055,434,1000
Manananggal,BtlAI_e055,271,999
Manananggal,BtlAI_e055,48,1000
Incubus,BtlAI_e055,207,999
Incubus,BtlAI_e055,79,1000
Shiki-Ouji,BtlAI_e055,67,999
Shiki-Ouji,BtlAI_e055,61,1000
Aitvaras,BtlAI_e055,254,999
Aitvaras,BtlAI_e055,157,1000
Manananggal,BtlAI_e055,271,999
Manananggal,BtlAI_e055,48,1000
Shiki-Ouji,BtlAI_e055,67,999
Shiki-Ouji,BtlAI_e055,61,1000
Shiki-Ouji,BtlAI_e028,67,999
Shiki-Ouji,BtlAI_e028,61,1000
Shiki-Ouji,BtlAI_e028,93,1001
Shiki-Ouji,BtlAI_e028,118,1002
Leanan Sidhe,BtlAI_e055,61,999
Ippon-Datara,BtlAI_e055,169,999
Ippon-Datara,BtlAI_e055,79,1000
Apsaras,BtlAI_e055,16,999
Agathion,BtlAI_e055,31,999
Agathion,BtlAI_e055,103,1000
Principality,BtlAI_e055,70,999
Principality,BtlAI_e055,353,1000
Principality,BtlAI_e055,68,1001
Lilim,BtlAI_e055,40,999
Lilim,BtlAI_e055,91,1000
Lilim,BtlAI_e055,33,1001
Dionysus,BtlAI_e055,258,999
Dionysus,BtlAI_e055,3,1000
Dionysus,BtlAI_e055,92,1001
Black Frost,BtlAI_e055,25,999
Black Frost,BtlAI_e055,128,1000
Black Frost,BtlAI_e055,244,1001
Futsunushi,BtlAI_e055,192,999
Futsunushi,BtlAI_e055,144,1000
Futsunushi,BtlAI_e055,118,1001
Adramelech,BtlAI_e055,221,999
Adramelech,BtlAI_e055,162,1000
Manananggal,BtlAI_e055,271,999
Manananggal,BtlAI_e055,48,1000
Incubus,BtlAI_e055,207,999
Incubus,BtlAI_e055,79,1000
Preta,BtlAI_e055,203,999
Oni,BtlAI_e055,165,999
Oni,BtlAI_e055,213,1000
Dormarth,BtlAI_e055,195,999
Dormarth,BtlAI_e055,122,1000
Dormarth,BtlAI_e055,61,1001
Nozuchi,BtlAI_e055,54,999
Nozuchi,BtlAI_e055,143,1000
Nozuchi,BtlAI_e055,434,1001
Kodama,BtlAI_e055,83,999
Kodama,BtlAI_e055,103,1000
Pisaca,BtlAI_e055,171,999
Pisaca,BtlAI_e055,210,1000
Pisaca,BtlAI_e055,79,1001
Zhen,BtlAI_e055,209,999
Zhen,BtlAI_e055,208,1000
Zhen,BtlAI_e055,470,1001
Zhen,BtlAI_e055,209,999
Zhen,BtlAI_e055,208,1000
Zhen,BtlAI_e055,470,1001
Zhen,BtlAI_e055,209,999
Zhen,BtlAI_e055,208,1000
Zhen,BtlAI_e055,470,1001
Yakshini,BtlAI_e055,198,999
Yakshini,BtlAI_e055,59,1000
Yakshini,BtlAI_e055,434,1001
Onyankopon,BtlAI_e055,139,999
Onyankopon,BtlAI_e055,99,1000
Onyankopon,BtlAI_e055,71,1001
Anansi,BtlAI_e055,869,999
Anansi,BtlAI_e055,20,1000
Anansi,BtlAI_e055,94,1001
Kudlak,BtlAI_e055,65,999
Kudlak,BtlAI_e055,136,1000
Kudlak,BtlAI_e055,80,1001
Black Ooze,BtlAI_e055,203,999
Black Ooze,BtlAI_e055,250,1000
Black Ooze,BtlAI_e055,80,1001
Kresnik,BtlAI_e055,245,999
Kresnik,BtlAI_e055,164,1000
Kresnik,BtlAI_e055,189,1001
Kresnik,BtlAI_e055,144,1002
Power,BtlAI_e055,171,999
Power,BtlAI_e055,167,1000
Power,BtlAI_e055,245,1001
Power,BtlAI_e055,382,1002
Power,BtlAI_e055,171,999
Power,BtlAI_e055,167,1000
Power,BtlAI_e055,245,1001
Power,BtlAI_e055,382,1002
Power,BtlAI_e055,171,999
Power,BtlAI_e055,167,1000
Power,BtlAI_e055,245,1001
Power,BtlAI_e055,382,1002
Power,BtlAI_e055,171,999
Power,BtlAI_e055,167,1000
Power,BtlAI_e055,245,1001
Power,BtlAI_e055,382,1002
Isis,BtlAI_e203,33,999
Isis,BtlAI_e203,48,1000
Isis,BtlAI_e203,129,1001
Isis,BtlAI_e203,135,1002
Lamia,BtlAI_e204,33,999
Lamia,BtlAI_e204,212,1000
Lamia,BtlAI_e204,62,1001
Dominion,BtlAI_e055,369,999
Dominion,BtlAI_e055,44,1000
Dominion,BtlAI_e055,382,1001
Power,BtlAI_e055,171,999
Power,BtlAI_e055,167,1000
Power,BtlAI_e055,245,1001
Power,BtlAI_e055,382,1002
Agrat,BtlAI_e169,880,999
Agrat,BtlAI_e169,26,1000
Agrat,BtlAI_e169,11,1001
Agrat,BtlAI_e169,143,1002
Agrat,BtlAI_e169,888,1003
Amanozako,BtlAI_e119,40,999
Amanozako,BtlAI_e119,55,1000
Amanozako,BtlAI_e119,81,1001
Amanozako,BtlAI_e119,90,1002
Amanozako,BtlAI_e119,140,1003
Amanozako,BtlAI_e119,436,1004
Amanozako,BtlAI_e119,104,1005
Norn,BtlAI_e055,71,999
Norn,BtlAI_e055,126,1000
Norn,BtlAI_e055,363,1001
Dis,BtlAI_e055,35,999
Dis,BtlAI_e055,84,1000
Dis,BtlAI_e055,99,1001
Moloch,BtlAI_e015,3,999
Moloch,BtlAI_e015,214,1000
Moloch,BtlAI_e015,216,1001
Orobas,BtlAI_e016,10,999
Orobas,BtlAI_e016,135,1000
Orobas,BtlAI_e016,62,1001
Flauros,BtlAI_e023,196,999
Flauros,BtlAI_e023,5,1000
Flauros,BtlAI_e023,118,1001
Glasya-Labolas,BtlAI_e055,195,999
Glasya-Labolas,BtlAI_e055,95,1000
Andras,BtlAI_e055,48,999
Andras,BtlAI_e055,55,1000
Andras,BtlAI_e055,59,1001
Fionn mac Cumhaill,BtlAI_e007,227,999
Fionn mac Cumhaill,BtlAI_e007,188,1000
Fionn mac Cumhaill,BtlAI_e007,173,1001
Fionn mac Cumhaill,BtlAI_e007,18,1002
Fionn mac Cumhaill,BtlAI_e007,10,1003
Fionn mac Cumhaill,BtlAI_e007,118,1004
Anahita,BtlAI_e082,262,999
Anahita,BtlAI_e082,134,1000
Anahita,BtlAI_e082,16,1001
Anahita,BtlAI_e082,70,1002
Anahita,BtlAI_e082,129,1003
Gabriel,BtlAI_e070,26,999
Gabriel,BtlAI_e070,20,1000
Gabriel,BtlAI_e070,71,1001
Gabriel,BtlAI_e070,68,1002
Uriel,BtlAI_e065,41,999
Uriel,BtlAI_e065,5,1000
Uriel,BtlAI_e065,162,1001
Uriel,BtlAI_e065,243,1002
Raphael,BtlAI_e068,56,999
Raphael,BtlAI_e068,50,1000
Raphael,BtlAI_e068,99,1001
Raphael,BtlAI_e068,107,1002
Raphael,BtlAI_e068,94,1003
Lucifer,BtlAI_e047,7,999
Lucifer,BtlAI_e047,22,1000
Lucifer,BtlAI_e047,37,1001
Lucifer,BtlAI_e047,52,1002
Lucifer,BtlAI_e047,75,1003
Lucifer,BtlAI_e047,347,1004
Lucifer,BtlAI_e047,348,1005
Lucifer,BtlAI_e047,333,1006
Lucifer,BtlAI_e047,127,1007
Lucifer,BtlAI_e047,137,1008
Lucifer,BtlAI_e047,69,1009
Lucifer,BtlAI_e047,63,1010
Baal,BtlAI_e093,41,999
Baal,BtlAI_e093,189,1000
Baal,BtlAI_e093,5,1001
Baal,BtlAI_e093,90,1002
Baal,BtlAI_e093,74,1003
Baal,BtlAI_e093,365,1004
Baal,BtlAI_e093,122,1005
Hell Biker,BtlAI_e128,268,999
Hell Biker,BtlAI_e128,302,1000
Hell Biker,BtlAI_e128,297,1001
Hell Biker,BtlAI_e128,137,1002
Hell Biker,BtlAI_e128,90,1003
Eisheth,BtlAI_e159,882,999
Eisheth,BtlAI_e159,86,1000
Eisheth,BtlAI_e159,210,1001
Eisheth,BtlAI_e159,199,1002
Eisheth,BtlAI_e159,173,1003
Naamah,BtlAI_e155,881,999
Naamah,BtlAI_e155,61,1000
Naamah,BtlAI_e155,64,1001
Naamah,BtlAI_e155,128,1002
Naamah,BtlAI_e155,79,1003
Glasya-Labolas,BtlAI_e156,832,999
Glasya-Labolas,BtlAI_e156,195,1000
Glasya-Labolas,BtlAI_e156,48,1001
Zaou-Gongen,BtlAI_e120,7,999
Zaou-Gongen,BtlAI_e120,13,1000
Zaou-Gongen,BtlAI_e120,126,1001
Zaou-Gongen,BtlAI_e120,160,1002
Zaou-Gongen,BtlAI_e120,148,1003
Zaou-Gongen,BtlAI_e120,388,1004
Zaou-Gongen,BtlAI_e120,389,1005
Kurama Tengu,BtlAI_e144,56,999
Kurama Tengu,BtlAI_e144,258,1000
Kurama Tengu,BtlAI_e144,123,1001
Kurama Tengu,BtlAI_e144,133,1002
Saturnus,BtlAI_e022,206,999
Saturnus,BtlAI_e022,200,1000
Saturnus,BtlAI_e022,7,1001
Saturnus,BtlAI_e022,8,1002
Saturnus,BtlAI_e022,13,1003
Saturnus,BtlAI_e022,12,1004
Lilith,BtlAI_e165,879,999
Lilith,BtlAI_e165,901,1000
Lilith,BtlAI_e165,119,1001
Lilith,BtlAI_e165,125,1002
Lilith,BtlAI_e165,151,1003
Lilith,BtlAI_e165,889,1004
Lilith,BtlAI_e165,907,1005
Lilith,BtlAI_e165,933,1006
Agrat,BtlAI_e166,11,999
Agrat,BtlAI_e166,26,1000
Agrat,BtlAI_e166,22,1001
Agrat,BtlAI_e166,151,1002
Agrat,BtlAI_e166,889,1003
Agrat,BtlAI_e166,907,1004
Eisheth,BtlAI_e167,199,999
Eisheth,BtlAI_e167,189,1000
Eisheth,BtlAI_e167,162,1001
Eisheth,BtlAI_e167,151,1002
Eisheth,BtlAI_e167,889,1003
Eisheth,BtlAI_e167,907,1004
Naamah,BtlAI_e168,127,999
Naamah,BtlAI_e168,129,1000
Naamah,BtlAI_e168,135,1001
Naamah,BtlAI_e168,79,1002
Naamah,BtlAI_e168,151,1003
Naamah,BtlAI_e168,889,1004
Naamah,BtlAI_e168,907,1005
White Rider,BtlAI_e129,237,999
White Rider,BtlAI_e129,13,1000
White Rider,BtlAI_e129,71,1001
White Rider,BtlAI_e129,127,1002
White Rider,BtlAI_e129,316,1003
Dominion,BtlAI_e140,129,999
Dominion,BtlAI_e140,355,1000
Dominion,BtlAI_e140,140,1001
Vouivre,BtlAI_e055,86,999
Vouivre,BtlAI_e055,186,1000
Vouivre,BtlAI_e055,202,1001
Vouivre,BtlAI_e055,129,1002
Vouivre,BtlAI_e055,470,1003
Ishtar,BtlAI_e020,312,999
Ishtar,BtlAI_e020,35,1000
Ishtar,BtlAI_e020,40,1001
Ishtar,BtlAI_e020,68,1002
Ishtar,BtlAI_e020,71,1003
Ishtar,BtlAI_e020,92,1004
Ishtar,BtlAI_e020,353,1005
Ishtar,BtlAI_e020,135,1006
Ishtar,BtlAI_e020,137,1007
Ishtar,BtlAI_e020,313,1008
Chernobog,BtlAI_e031,188,999
Chernobog,BtlAI_e031,186,1000
Chernobog,BtlAI_e031,250,1001
Chernobog,BtlAI_e031,171,1002
Chernobog,BtlAI_e031,173,1003
Chernobog,BtlAI_e031,174,1004
Chernobog,BtlAI_e031,65,1005
Pale Rider,BtlAI_e132,236,999
Pale Rider,BtlAI_e132,86,1000
Pale Rider,BtlAI_e132,26,1001
Pale Rider,BtlAI_e132,319,1002
Pale Rider,BtlAI_e132,127,1003
Loa,BtlAI_e143,208,999
Loa,BtlAI_e143,83,1000
Loa,BtlAI_e143,93,1001
Loa,BtlAI_e143,136,1002
Loa,BtlAI_e143,62,1003
Samael,BtlAI_e194,69,999
Samael,BtlAI_e194,72,1000
Samael,BtlAI_e194,96,1001
Samael,BtlAI_e194,90,1002
Samael,BtlAI_e194,853,1003
Samael,BtlAI_e194,471,1004
Samael,BtlAI_e194,852,1005
Samael,BtlAI_e194,854,1006
Lilith's Shadow,BtlAI_e195,879,999
Lilith's Shadow,BtlAI_e195,52,1000
Lilith's Shadow,BtlAI_e195,57,1001
Lilith's Shadow,BtlAI_e195,901,1002
Agrat's Shadow,BtlAI_e196,880,999
Agrat's Shadow,BtlAI_e196,22,1000
Agrat's Shadow,BtlAI_e196,27,1001
Agrat's Shadow,BtlAI_e196,143,1002
Eisheth's Shadow,BtlAI_e197,882,999
Eisheth's Shadow,BtlAI_e197,164,1000
Eisheth's Shadow,BtlAI_e197,168,1001
Eisheth's Shadow,BtlAI_e197,142,1002
Naamah's Shadow,BtlAI_e198,881,999
Naamah's Shadow,BtlAI_e198,63,1000
Naamah's Shadow,BtlAI_e198,66,1001
Naamah's Shadow,BtlAI_e198,81,1002
Surt,BtlAI_e019,161,999
Surt,BtlAI_e019,178,1000
Surt,BtlAI_e019,11,1001
Surt,BtlAI_e019,13,1002
Surt,BtlAI_e019,137,1003
Surt,BtlAI_e019,434,1004
Surt,BtlAI_e019,3,1005
Surt,BtlAI_e019,9,1006
Khonsu Ra,BtlAI_e008,5,999
Khonsu Ra,BtlAI_e008,68,1000
Khonsu Ra,BtlAI_e008,71,1001
Khonsu Ra,BtlAI_e008,75,1002
Khonsu Ra,BtlAI_e008,77,1003
Khonsu Ra,BtlAI_e008,240,1004
Khonsu Ra,BtlAI_e008,259,1005
Khonsu Ra,BtlAI_e008,323,1006
Anubis,BtlAI_e010,62,999
Anubis,BtlAI_e010,68,1000
Anubis,BtlAI_e010,133,1001
Anubis,BtlAI_e010,129,1002
Anubis,BtlAI_e010,135,1003
Thoth,BtlAI_e024,35,999
Thoth,BtlAI_e024,68,1000
Thoth,BtlAI_e024,125,1001
Thoth,BtlAI_e024,119,1002
Thoth,BtlAI_e024,123,1003
Tiamat,BtlAI_e188,355,999
Tiamat,BtlAI_e188,22,1000
Tiamat,BtlAI_e188,23,1001
Tiamat,BtlAI_e188,27,1002
Tiamat,BtlAI_e188,865,1003
Tiamat,BtlAI_e188,866,1004
Tiamat,BtlAI_e188,867,1005
Tiamat,BtlAI_e188,933,1006
Dragon Head,BtlAI_e189,204,999
Dragon Head,BtlAI_e189,163,1000
Dragon Head,BtlAI_e189,148,1001
Dragon Head,BtlAI_e189,126,1002
Goat Head,BtlAI_e190,7,999
Goat Head,BtlAI_e190,12,1000
Goat Head,BtlAI_e190,37,1001
Goat Head,BtlAI_e190,42,1002
Goat Head,BtlAI_e190,52,1003
Goat Head,BtlAI_e190,57,1004
Goat Head,BtlAI_e190,148,1005
Goat Head,BtlAI_e190,126,1006
Camel Head,BtlAI_e191,69,999
Camel Head,BtlAI_e191,72,1000
Camel Head,BtlAI_e191,63,1001
Camel Head,BtlAI_e191,66,1002
Camel Head,BtlAI_e191,148,1003
Camel Head,BtlAI_e191,126,1004
Yamata-no-Orochi,BtlAI_e055,479,999
Yamata-no-Orochi,BtlAI_e055,481,1000
Abdiel,BtlAI_e032,269,999
Abdiel,BtlAI_e032,173,1000
Abdiel,BtlAI_e032,188,1001
Abdiel,BtlAI_e032,185,1002
Abdiel,BtlAI_e032,5,1003
Abdiel,BtlAI_e032,11,1004
Abdiel,BtlAI_e032,243,1005
Cherub,BtlAI_e207,59,999
Cherub,BtlAI_e207,873,1000
Cherub,BtlAI_e207,143,1001
Cherub,BtlAI_e207,119,1002
Abdiel,BtlAI_e170,270,999
Abdiel,BtlAI_e170,148,1000
Abdiel,BtlAI_e170,163,1001
Abdiel,BtlAI_e170,166,1002
Abdiel,BtlAI_e170,126,1003
Abdiel,BtlAI_e170,140,1004
Abdiel,BtlAI_e170,151,1005
Ichiro Dazai,BtlAI_e171,12,999
Ichiro Dazai,BtlAI_e171,8,1000
Ichiro Dazai,BtlAI_e171,90,1001
Ichiro Dazai,BtlAI_e171,82,1002
Ichiro Dazai,BtlAI_e171,136,1003
Ichiro Dazai,BtlAI_e171,140,1004
Ichiro Dazai,BtlAI_e171,151,1005
Hydra,BtlAI_e048,283,999
Hydra,BtlAI_e048,315,1000
Hydra,BtlAI_e048,14,1001
Metatron,BtlAI_e145,226,999
Metatron,BtlAI_e145,71,1000
Metatron,BtlAI_e145,75,1001
Metatron,BtlAI_e145,118,1002
Metatron,BtlAI_e145,137,1003
Metatron,BtlAI_e145,127,1004
Metatron,BtlAI_e145,136,1005
Metatron,BtlAI_e145,72,1006
Atavaka,BtlAI_e055,71,999
Atavaka,BtlAI_e055,65,1000
Atavaka,BtlAI_e055,435,1001
Rakshasa,BtlAI_e055,162,999
Rakshasa,BtlAI_e055,365,1000
Rakshasa,BtlAI_e055,435,1001
Artemis,BtlAI_e135,328,999
Artemis,BtlAI_e135,84,1000
Artemis,BtlAI_e135,25,1001
Artemis,BtlAI_e135,33,1002
Artemis,BtlAI_e135,304,1003
Artemis,BtlAI_e135,305,1004
Artemis,BtlAI_e135,118,1005
Khonsu,BtlAI_e106,5,999
Khonsu,BtlAI_e106,68,1000
Khonsu,BtlAI_e106,71,1001
Khonsu,BtlAI_e106,188,1002
Khonsu,BtlAI_e106,257,1003
Khonsu,BtlAI_e106,136,1004
Khonsu,BtlAI_e106,386,1005
Loki,BtlAI_e092,3,999
Loki,BtlAI_e092,33,1000
Loki,BtlAI_e092,48,1001
Loki,BtlAI_e092,25,1002
Loki,BtlAI_e092,89,1003
Maria,BtlAI_e096,72,999
Maria,BtlAI_e096,57,1000
Maria,BtlAI_e096,75,1001
Maria,BtlAI_e096,84,1002
Maria,BtlAI_e096,107,1003
Maria,BtlAI_e096,99,1004
Belphegor,BtlAI_e085,18,999
Belphegor,BtlAI_e085,65,1000
Belphegor,BtlAI_e085,143,1001
Belphegor,BtlAI_e085,129,1002
Belphegor,BtlAI_e085,91,1003
Khonsu,BtlAI_e163,5,999
Khonsu,BtlAI_e163,68,1000
Khonsu,BtlAI_e163,71,1001
Khonsu,BtlAI_e163,188,1002
Khonsu,BtlAI_e163,257,1003
Khonsu,BtlAI_e163,353,1004
Zeus,BtlAI_e185,126,999
Zeus,BtlAI_e185,378,1000
Zeus,BtlAI_e185,35,1001
Zeus,BtlAI_e185,41,1002
Zeus,BtlAI_e185,379,1003
Zeus,BtlAI_e185,164,1004
Odin,BtlAI_e186,232,999
Odin,BtlAI_e186,142,1000
Odin,BtlAI_e186,163,1001
Odin,BtlAI_e186,184,1002
Odin,BtlAI_e186,35,1003
Odin,BtlAI_e186,43,1004
Odin,BtlAI_e186,136,1005
Tehom,BtlAI_e193,861,999
Tehom,BtlAI_e193,192,1000
Tehom,BtlAI_e193,7,1001
Tehom,BtlAI_e193,22,1002
Tehom,BtlAI_e193,37,1003
Tehom,BtlAI_e193,52,1004
Tehom,BtlAI_e193,69,1005
Tehom,BtlAI_e193,63,1006
Tehom,BtlAI_e193,75,1007
Tehom,BtlAI_e193,127,1008
Tehom,BtlAI_e193,137,1009
Tehom,BtlAI_e193,859,1010
Tehom,BtlAI_e193,862,1011
Tehom,BtlAI_e193,933,1012
Loup-garou,BtlAI_e006,251,999
Loup-garou,BtlAI_e006,171,1000
Loup-garou,BtlAI_e006,196,1001
Loup-garou,BtlAI_e006,199,1002
Loup-garou,BtlAI_e006,144,1003
Mother Harlot,BtlAI_e133,228,999
Mother Harlot,BtlAI_e133,303,1000
Mother Harlot,BtlAI_e133,41,1001
Mother Harlot,BtlAI_e133,94,1002
Mother Harlot,BtlAI_e133,8,1003
Mother Harlot,BtlAI_e133,137,1004
Daisoujou,BtlAI_e127,275,999
Daisoujou,BtlAI_e127,296,1000
Daisoujou,BtlAI_e127,64,1001
Daisoujou,BtlAI_e127,70,1002
Abdiel,BtlAI_e032,269,999
Abdiel,BtlAI_e032,173,1000
Abdiel,BtlAI_e032,188,1001
Abdiel,BtlAI_e032,185,1002
Abdiel,BtlAI_e032,5,1003
Abdiel,BtlAI_e032,11,1004
Abdiel,BtlAI_e032,243,1005
Marici,BtlAI_e208,72,999
Marici,BtlAI_e208,27,1000
Marici,BtlAI_e208,189,1001
Marici,BtlAI_e208,845,1002
Marici,BtlAI_e208,107,1003
Marici,BtlAI_e208,838,1004
NOT USED:CHR_NAME_483,BtlAI_e209,845,999
NOT USED:CHR_NAME_483,BtlAI_e209,126,1000
NOT USED:CHR_NAME_483,BtlAI_e209,246,1001
NOT USED:CHR_NAME_483,BtlAI_e209,107,1002
NOT USED:CHR_NAME_484,BtlAI_e210,845,999
NOT USED:CHR_NAME_484,BtlAI_e210,136,1000
NOT USED:CHR_NAME_484,BtlAI_e210,96,1001
NOT USED:CHR_NAME_484,BtlAI_e210,107,1002
NOT USED:CHR_NAME_485,BtlAI_e211,845,999
NOT USED:CHR_NAME_485,BtlAI_e211,369,1000
NOT USED:CHR_NAME_485,BtlAI_e211,107,1001
Odin,BtlAI_e035,232,999
Odin,BtlAI_e035,142,1000
Odin,BtlAI_e035,143,1001
Odin,BtlAI_e035,163,1002
Odin,BtlAI_e035,35,1003
Odin,BtlAI_e035,43,1004
Odin,BtlAI_e035,26,1005
Odin,BtlAI_e035,127,1006
Tsukuyomi,BtlAI_e040,22,999
Tsukuyomi,BtlAI_e040,69,1000
Tsukuyomi,BtlAI_e040,27,1001
Tsukuyomi,BtlAI_e040,185,1002
Tsukuyomi,BtlAI_e040,211,1003
Tsukuyomi,BtlAI_e040,255,1004
Tsukuyomi,BtlAI_e040,357,1005
Tsukuyomi,BtlAI_e040,358,1006
Tsukuyomi,BtlAI_e040,324,1007
Tsukuyomi,BtlAI_e040,136,1008
Tsukuyomi,BtlAI_e040,386,1009
Lucifer,BtlAI_e111,7,999
Lucifer,BtlAI_e111,22,1000
Lucifer,BtlAI_e111,37,1001
Lucifer,BtlAI_e111,52,1002
Lucifer,BtlAI_e111,75,1003
Lucifer,BtlAI_e111,347,1004
Lucifer,BtlAI_e111,348,1005
Lucifer,BtlAI_e111,333,1006
Arioch,BtlAI_e021,164,999
Arioch,BtlAI_e021,243,1000
Arioch,BtlAI_e021,20,1001
Arioch,BtlAI_e021,163,1002
Arioch,BtlAI_e021,26,1003
Decarabia,BtlAI_e027,5,999
Decarabia,BtlAI_e027,74,1000
Decarabia,BtlAI_e027,123,1001
Decarabia,BtlAI_e027,139,1002
Lahmu,BtlAI_e067,289,999
Lahmu,BtlAI_e067,18,1000
Lahmu,BtlAI_e067,33,1001
Lahmu,BtlAI_e067,61,1002
Lahmu,BtlAI_e067,288,1003
Lahmu,BtlAI_e067,287,1004
Amon,BtlAI_e062,263,999
Amon,BtlAI_e062,5,1000
Amon,BtlAI_e062,197,1001
Amon,BtlAI_e062,90,1002
Amon,BtlAI_e062,200,1003
Amon,BtlAI_e062,135,1004
Amon,BtlAI_e062,140,1005
Huang Long,BtlAI_e072,75,999
Huang Long,BtlAI_e072,56,1000
Huang Long,BtlAI_e072,11,1001
Huang Long,BtlAI_e072,41,1002
Huang Long,BtlAI_e072,26,1003
Qing Long,BtlAI_e073,56,999
Qing Long,BtlAI_e073,206,1000
Qing Long,BtlAI_e073,205,1001
Zhuque,BtlAI_e074,5,999
Zhuque,BtlAI_e074,212,1000
Zhuque,BtlAI_e074,84,1001
Baihu,BtlAI_e075,40,999
Baihu,BtlAI_e075,200,1000
Baihu,BtlAI_e075,136,1001
Xuanwu,BtlAI_e076,29,999
Xuanwu,BtlAI_e076,204,1000
Xuanwu,BtlAI_e076,126,1001
Shohei Yakumo,BtlAI_e030,284,999
Shohei Yakumo,BtlAI_e030,40,1000
Shohei Yakumo,BtlAI_e030,184,1001
Shohei Yakumo,BtlAI_e030,162,1002
Shohei Yakumo,BtlAI_e030,118,1003
Shohei Yakumo,BtlAI_e030,127,1004
Shohei Yakumo,BtlAI_e030,189,1005
Konohana Sakuya,BtlAI_e200,856,999
Konohana Sakuya,BtlAI_e200,5,1000
Konohana Sakuya,BtlAI_e200,10,1001
Konohana Sakuya,BtlAI_e200,59,1002
Konohana Sakuya,BtlAI_e200,366,1003
Jikokuten,BtlAI_e077,135,999
Jikokuten,BtlAI_e077,142,1000
Jikokuten,BtlAI_e077,22,1001
Jikokuten,BtlAI_e077,28,1002
Jikokuten,BtlAI_e077,188,1003
Jikokuten,BtlAI_e077,162,1004
Jikokuten,BtlAI_e077,140,1005
Jikokuten,BtlAI_e077,75,1006
Jikokuten,BtlAI_e077,127,1007
Lahmu,BtlAI_e157,289,999
Lahmu,BtlAI_e157,18,1000
Lahmu,BtlAI_e157,61,1001
Mephisto,BtlAI_e137,264,999
Mephisto,BtlAI_e137,164,1000
Mephisto,BtlAI_e137,7,1001
Mephisto,BtlAI_e137,94,1002
Mephisto,BtlAI_e137,126,1003
Mephisto,BtlAI_e137,148,1004
Mephisto,BtlAI_e137,308,1005
Mephisto,BtlAI_e137,66,1006
Mephisto,BtlAI_e137,127,1007
Nuwa,BtlAI_e036,37,999
Nuwa,BtlAI_e036,52,1000
Nuwa,BtlAI_e036,41,1001
Nuwa,BtlAI_e036,82,1002
Nuwa,BtlAI_e036,137,1003
Nuwa,BtlAI_e036,356,1004
Nuwa,BtlAI_e036,511,1005
Nuwa,BtlAI_e036,286,1006
Nuwa,BtlAI_e036,359,1007
Nuwa,BtlAI_e036,360,1008
Nuwa,BtlAI_e036,361,1009
Nuwa,BtlAI_e036,362,1010
Nuwa,BtlAI_e036,285,1011
Yuzuru Atsuta,BtlAI_e161,883,999
Yuzuru Atsuta,BtlAI_e161,884,1000
Yuzuru Atsuta,BtlAI_e161,885,1001
Yuzuru Atsuta,BtlAI_e161,886,1002
Yuzuru Atsuta,BtlAI_e161,136,1003
Hayataro,BtlAI_e162,265,999
Hayataro,BtlAI_e162,887,1000
Hayataro,BtlAI_e162,267,1001
Hayataro,BtlAI_e162,35,1002
Vasuki,BtlAI_e033,250,999
Vasuki,BtlAI_e033,205,1000
Vasuki,BtlAI_e033,94,1001
Vasuki,BtlAI_e033,82,1002
Vasuki,BtlAI_e033,92,1003
Vasuki,BtlAI_e033,26,1004
Vasuki,BtlAI_e033,182,1005
Vasuki,BtlAI_e033,202,1006
Black Rider,BtlAI_e131,238,999
Black Rider,BtlAI_e131,28,1000
Black Rider,BtlAI_e131,75,1001
Black Rider,BtlAI_e131,127,1002
Black Rider,BtlAI_e131,318,1003
Legion,BtlAI_e142,139,999
Legion,BtlAI_e142,119,1000
Legion,BtlAI_e142,161,1001
Legion,BtlAI_e146,139,999
Legion,BtlAI_e146,119,1000
Legion,BtlAI_e146,161,1001
Red Rider,BtlAI_e130,235,999
Red Rider,BtlAI_e130,43,1000
Red Rider,BtlAI_e130,50,1001
Red Rider,BtlAI_e130,137,1002
Red Rider,BtlAI_e130,317,1003
Power,BtlAI_e141,125,999
Power,BtlAI_e141,171,1000
Power,BtlAI_e141,245,1001
Camael,BtlAI_e013,5,999
Camael,BtlAI_e013,163,1000
Camael,BtlAI_e013,353,1001
Power,BtlAI_e014,171,999
Power,BtlAI_e014,68,1000
Power,BtlAI_e014,118,1001
Power,BtlAI_e014,127,1002
Eligor,BtlAI_e083,183,999
Eligor,BtlAI_e083,9,1000
Andras,BtlAI_e084,46,999
Andras,BtlAI_e084,122,1000
Abdiel,BtlAI_e037,7,999
Abdiel,BtlAI_e037,63,1000
Abdiel,BtlAI_e037,12,1001
Abdiel,BtlAI_e037,214,1002
Abdiel,BtlAI_e037,90,1003
Abdiel,BtlAI_e037,320,1004
Abdiel,BtlAI_e037,321,1005
Depraved Arm,BtlAI_e038,200,999
Depraved Arm,BtlAI_e038,123,1000
Depraved Wing,BtlAI_e039,140,999
Depraved Wing,BtlAI_e039,126,1000
King Frost,BtlAI_e029,218,999
King Frost,BtlAI_e029,18,1000
King Frost,BtlAI_e029,16,1001
King Frost,BtlAI_e029,158,1002
Asura,BtlAI_e060,170,999
Asura,BtlAI_e060,163,1000
Asura,BtlAI_e060,5,1001
Asura,BtlAI_e060,144,1002
Asura,BtlAI_e060,137,1003
Asura,BtlAI_e060,74,1004
Mithras,BtlAI_e061,11,999
Mithras,BtlAI_e061,71,1000
Mithras,BtlAI_e061,216,1001
Mithras,BtlAI_e061,143,1002
Mithras,BtlAI_e061,127,1003
Mithras,BtlAI_e061,74,1004
Naamah,BtlAI_e154,881,999
Naamah,BtlAI_e154,61,1000
Naamah,BtlAI_e154,64,1001
Naamah,BtlAI_e154,128,1002
Naamah,BtlAI_e154,79,1003
Arahabaki,BtlAI_e054,80,999
Arahabaki,BtlAI_e054,74,1000
Arahabaki,BtlAI_e054,136,1001
Arahabaki,BtlAI_e054,246,1002
Arahabaki,BtlAI_e054,247,1003
Sui-Ki,BtlAI_e056,25,999
Kin-Ki,BtlAI_e057,161,999
Fuu-Ki,BtlAI_e058,55,999
Ongyo-Ki,BtlAI_e059,167,999
Thor,BtlAI_e055,168,999
Thor,BtlAI_e055,166,1000
Thor,BtlAI_e055,41,1001
Cleopatra,BtlAI_e136,229,999
Cleopatra,BtlAI_e136,56,1000
Cleopatra,BtlAI_e136,26,1001
Cleopatra,BtlAI_e136,69,1002
Cleopatra,BtlAI_e136,182,1003
Cleopatra,BtlAI_e136,27,1004
Mastema,BtlAI_e192,399,999
Mastema,BtlAI_e192,864,1000
Mastema,BtlAI_e192,863,1001
Mastema,BtlAI_e192,69,1002
Mastema,BtlAI_e192,72,1003
Mastema,BtlAI_e192,52,1004
Mastema,BtlAI_e192,188,1005
Mastema,BtlAI_e192,77,1006
Mastema,BtlAI_e192,126,1007
Mastema,BtlAI_e192,850,1008
Zouchouten,BtlAI_e087,118,999
Zouchouten,BtlAI_e087,142,1000
Zouchouten,BtlAI_e087,37,1001
Zouchouten,BtlAI_e087,43,1002
Zouchouten,BtlAI_e087,207,1003
Zouchouten,BtlAI_e087,162,1004
Zouchouten,BtlAI_e087,81,1005
Zouchouten,BtlAI_e087,137,1006
Agrat,BtlAI_e164,880,999
Agrat,BtlAI_e164,26,1000
Agrat,BtlAI_e164,11,1001
Agrat,BtlAI_e164,888,1002
Agrat,BtlAI_e164,143,1003
Agrat,BtlAI_e164,22,1004
Fionn mac Cumhaill,BtlAI_e064,227,999
Fionn mac Cumhaill,BtlAI_e064,189,1000
Fionn mac Cumhaill,BtlAI_e064,173,1001
Fionn mac Cumhaill,BtlAI_e064,20,1002
Fionn mac Cumhaill,BtlAI_e064,11,1003
Fionn mac Cumhaill,BtlAI_e064,118,1004
Fionn mac Cumhaill,BtlAI_e064,184,1005
Fionn mac Cumhaill,BtlAI_e064,162,1006
Turbo Granny,BtlAI_e055,59,999
Turbo Granny,BtlAI_e055,54,1000
Turbo Granny,BtlAI_e055,480,1001
Bishamonten,BtlAI_e078,118,999
Bishamonten,BtlAI_e078,122,1000
Bishamonten,BtlAI_e078,7,1001
Bishamonten,BtlAI_e078,13,1002
Bishamonten,BtlAI_e078,189,1003
Bishamonten,BtlAI_e078,163,1004
Bishamonten,BtlAI_e078,143,1005
Bishamonten,BtlAI_e078,75,1006
Bishamonten,BtlAI_e078,137,1007
Lahmu,BtlAI_e069,291,999
Lahmu,BtlAI_e069,62,1000
Lahmu,BtlAI_e069,18,1001
Lahmu,BtlAI_e069,176,1002
Lahmu,BtlAI_e069,90,1003
Lahmu,BtlAI_e069,40,1004
Zeus,BtlAI_e071,282,999
Zeus,BtlAI_e071,41,1000
Zeus,BtlAI_e071,378,1001
Zeus,BtlAI_e071,379,1002
Zeus,BtlAI_e071,164,1003
Zeus,BtlAI_e071,148,1004
Zeus,BtlAI_e071,137,1005
Zeus,BtlAI_e071,126,1006
Inanna,BtlAI_e098,222,999
Inanna,BtlAI_e098,223,1000
Inanna,BtlAI_e098,224,1001
Inanna,BtlAI_e098,225,1002
Inanna,BtlAI_e098,77,1003
Inanna,BtlAI_e098,143,1004
Danu,BtlAI_e097,277,999
Danu,BtlAI_e097,75,1000
Danu,BtlAI_e097,69,1001
Danu,BtlAI_e097,72,1002
Danu,BtlAI_e097,159,1003
Danu,BtlAI_e097,82,1004
Danu,BtlAI_e097,479,1005
Mandrake,BtlAI_e123,35,999
Mandrake,BtlAI_e123,90,1000
Mandrake,BtlAI_e123,133,1001
Jack-o'-Lantern,BtlAI_e124,5,999
Jack-o'-Lantern,BtlAI_e124,10,1000
Jack-o'-Lantern,BtlAI_e124,129,1001
NOT USED,BtlAI_e125,220,999
NOT USED,BtlAI_e125,25,1000
NOT USED,BtlAI_e125,125,1001
Shohei Yakumo,BtlAI_e205,284,999
Shohei Yakumo,BtlAI_e205,242,1000
Shohei Yakumo,BtlAI_e205,162,1001
Shohei Yakumo,BtlAI_e205,144,1002
Shohei Yakumo,BtlAI_e205,151,1003
Nuwa,BtlAI_e206,272,999
Nuwa,BtlAI_e206,50,1000
Nuwa,BtlAI_e206,56,1001
Nuwa,BtlAI_e206,119,1002
Nuwa,BtlAI_e206,127,1003
Nuwa,BtlAI_e206,143,1004
Nuwa,BtlAI_e206,151,1005
Dagda,BtlAI_e199,871,999
Dagda,BtlAI_e199,170,1000
Dagda,BtlAI_e199,178,1001
Dagda,BtlAI_e199,179,1002
Dagda,BtlAI_e199,180,1003
Dagda,BtlAI_e199,181,1004
Dagda,BtlAI_e199,126,1005
Dagda,BtlAI_e199,136,1006
Dagda,BtlAI_e199,77,1007
Zeus,BtlAI_e034,282,999
Zeus,BtlAI_e034,148,1000
Zeus,BtlAI_e034,126,1001
Zeus,BtlAI_e034,378,1002
Zeus,BtlAI_e034,41,1003
Zeus,BtlAI_e034,379,1004
Zeus,BtlAI_e034,164,1005
Trumpeter,BtlAI_e134,239,999
Trumpeter,BtlAI_e134,11,1000
Trumpeter,BtlAI_e134,26,1001
Trumpeter,BtlAI_e134,41,1002
Trumpeter,BtlAI_e134,56,1003
Trumpeter,BtlAI_e134,75,1004
Trumpeter,BtlAI_e134,127,1005
Koumokuten,BtlAI_e026,135,999
Koumokuten,BtlAI_e026,133,1000
Koumokuten,BtlAI_e026,52,1001
Koumokuten,BtlAI_e026,53,1002
Koumokuten,BtlAI_e026,171,1003
Koumokuten,BtlAI_e026,216,1004
Koumokuten,BtlAI_e026,57,1005
Koumokuten,BtlAI_e026,148,1006
Koumokuten,BtlAI_e026,75,1007
Koumokuten,BtlAI_e026,127,1008
Matador,BtlAI_e126,234,999
Matador,BtlAI_e126,142,1000
Matador,BtlAI_e126,54,1001
Matador,BtlAI_e126,295,1002
Matador,BtlAI_e126,135,1003
Okuninushi,BtlAI_e041,184,999
Okuninushi,BtlAI_e041,354,1000
Okuninushi,BtlAI_e041,167,1001
Okuninushi,BtlAI_e041,3,1002
Okuninushi,BtlAI_e041,108,1003
Okuninushi,BtlAI_e041,386,1004
Sukuna-Hikona,BtlAI_e042,219,999
Sukuna-Hikona,BtlAI_e042,129,1000
Sukuna-Hikona,BtlAI_e042,174,1001
Take-Minakata,BtlAI_e043,158,999
Take-Minakata,BtlAI_e043,33,1000
Take-Minakata,BtlAI_e043,40,1001
Oyamatsumi,BtlAI_e044,125,999
Oyamatsumi,BtlAI_e044,139,1000
Nuwa,BtlAI_e049,273,999
Nuwa,BtlAI_e049,48,1000
Nuwa,BtlAI_e049,39,1001
Beelzebub,BtlAI_e187,325,999
Beelzebub,BtlAI_e187,63,1000
Beelzebub,BtlAI_e187,22,1001
Beelzebub,BtlAI_e187,43,1002
Beelzebub,BtlAI_e187,136,1003
Beelzebub,BtlAI_e187,137,1004
Beelzebub,BtlAI_e187,52,1005
