Type,Index,Name,Area,Repeatable,Missable,HasDuplicate,AllowedCanons,MaccaAllowed,HasOdds,ItemOdds
Check_Type.MIMAN,0,Miman Reward #5,61,False,False,False,[],False,False,[]
Check_Type.MIMAN,1,Miman Reward #10,61,False,False,False,[],False,False,[]
Check_Type.MIMAN,2,Miman Reward #15,61,False,False,False,[],False,False,[]
Check_Type.MIMAN,3,Miman Reward #20,61,False,False,False,[],False,False,[]
Check_Type.MIMAN,4,Miman Reward #25,61,False,False,False,[],False,False,[]
Check_Type.MIMAN,5,Miman Reward #30,61,False,False,False,[],False,False,[]
Check_Type.MIMAN,6,Miman Reward #35,61,False,False,False,[],False,False,[]
Check_Type.MIMAN,7,Miman Reward #40,61,False,False,False,[],False,False,[]
Check_Type.MIMAN,8,Miman Reward #45,61,False,False,False,[],False,False,[]
Check_Type.MIMAN,9,Miman Reward #50,61,False,False,False,[],False,False,[]
Check_Type.MIMAN,10,Miman Reward #55,62,False,False,False,[],False,False,[]
Check_Type.MIMAN,11,Miman Reward #60,62,False,False,False,[],False,False,[]
Check_Type.MIMAN,12,Miman Reward #65,62,False,False,False,[],False,False,[]
Check_Type.MIMAN,13,Miman Reward #70,62,False,False,False,[],False,False,[]
Check_Type.MIMAN,14,Miman Reward #75,62,False,False,False,[],False,False,[]
Check_Type.MIMAN,15,Miman Reward #80,62,False,False,False,[],False,False,[]
Check_Type.MIMAN,16,Miman Reward #85,62,False,False,False,[],False,False,[]
Check_Type.MIMAN,17,Miman Reward #90,62,False,False,False,[],False,False,[]
Check_Type.MIMAN,18,Miman Reward #95,62,False,False,False,[],False,False,[]
Check_Type.MIMAN,19,Miman Reward #100,63,False,False,False,[],False,False,[]
Check_Type.MIMAN,20,Miman Reward #105,63,False,False,False,[],False,False,[]
Check_Type.MIMAN,21,Miman Reward #110,63,False,False,False,[],False,False,[]
Check_Type.MIMAN,22,Miman Reward #115,63,False,False,False,[],False,False,[]
Check_Type.MIMAN,23,Miman Reward #120,63,False,False,False,[],False,False,[]
Check_Type.MIMAN,24,Miman Reward #125,63,False,False,False,[],False,False,[]
Check_Type.MIMAN,25,Miman Reward #130,63,False,False,False,[],False,False,[]
Check_Type.MIMAN,26,Miman Reward #135,63,False,False,False,[],False,False,[]
Check_Type.MIMAN,27,Miman Reward #140,63,False,False,False,[],False,False,[]
Check_Type.MIMAN,28,Miman Reward #145,63,False,False,False,[],False,False,[]
Check_Type.MIMAN,29,Miman Reward #150,63,False,False,False,[],False,False,[]
Check_Type.MIMAN,30,Miman Reward #155,64,False,False,False,[],False,False,[]
Check_Type.MIMAN,31,Miman Reward #160,64,False,False,False,[],False,False,[]
Check_Type.MIMAN,32,Miman Reward #165,64,False,False,False,[],False,False,[]
Check_Type.MIMAN,33,Miman Reward #170,64,False,False,False,[],False,False,[]
Check_Type.MIMAN,34,Miman Reward #175,64,False,False,False,[],False,False,[]
Check_Type.MIMAN,35,Miman Reward #180,64,False,False,False,[],False,False,[]
Check_Type.MIMAN,36,Miman Reward #185,64,False,False,False,[],False,False,[]
Check_Type.MIMAN,37,Miman Reward #190,64,False,False,False,[],False,False,[]
Check_Type.MIMAN,38,Miman Reward #195,64,False,False,False,[],False,False,[]
Check_Type.MIMAN,39,Miman Reward #200,64,False,False,False,[],False,False,[]
Check_Type.TREASURE,21,Chest 21,61,False,False,False,[],True,False,[]
Check_Type.TREASURE,22,Chest 22,61,False,False,False,[],True,False,[]
Check_Type.TREASURE,23,Chest 23,61,False,False,False,[],True,False,[]
Check_Type.TREASURE,24,Chest 24,61,False,False,False,[],True,False,[]
Check_Type.TREASURE,25,Chest 25,61,False,False,False,[],True,False,[]
Check_Type.TREASURE,26,Chest 26,61,False,False,False,[],True,False,[]
Check_Type.TREASURE,27,Chest 27,61,False,False,False,[],True,False,[]
Check_Type.TREASURE,28,Chest 28,61,False,False,False,[],True,False,[]
Check_Type.TREASURE,29,Chest 29,61,False,True,False,[],True,False,[]
Check_Type.TREASURE,30,Chest 30,61,False,False,False,[],True,False,[]
Check_Type.TREASURE,31,Chest 31,61,False,False,False,[],True,False,[]
Check_Type.TREASURE,32,Chest 32,61,False,False,False,[],True,False,[]
Check_Type.TREASURE,33,Chest 33,61,False,False,False,[],True,False,[]
Check_Type.TREASURE,34,Chest 34,61,False,False,False,[],True,False,[]
Check_Type.TREASURE,35,Chest 35,61,False,False,False,[],True,False,[]
Check_Type.TREASURE,36,Chest 36,61,False,False,False,[],True,False,[]
Check_Type.TREASURE,37,Chest 37,61,False,False,False,[],True,False,[]
Check_Type.TREASURE,39,Chest 39,61,False,False,False,[],True,False,[]
Check_Type.TREASURE,40,Chest 40,61,False,False,False,[],True,False,[]
Check_Type.TREASURE,41,Chest 41,61,False,False,False,[],True,False,[]
Check_Type.TREASURE,42,Chest 42,61,False,False,False,[],True,False,[]
Check_Type.TREASURE,43,Chest 43,61,False,False,False,[],True,False,[]
Check_Type.TREASURE,44,Chest 44,61,False,False,False,[],True,False,[]
Check_Type.TREASURE,45,Chest 45,61,False,False,False,[],True,False,[]
Check_Type.TREASURE,46,Chest 46,61,False,False,False,[],True,False,[]
Check_Type.TREASURE,47,Chest 47,61,False,False,False,[],True,False,[]
Check_Type.TREASURE,48,Chest 48,61,False,False,False,[],True,False,[]
Check_Type.TREASURE,49,Chest 49,61,False,False,False,[],True,False,[]
Check_Type.TREASURE,50,Chest 50,61,False,False,False,[],True,False,[]
Check_Type.TREASURE,51,Chest 51,61,False,False,False,[],True,False,[]
Check_Type.TREASURE,52,Chest 52,61,False,False,False,[],True,False,[]
Check_Type.TREASURE,53,Chest 53,61,False,False,False,[],True,False,[]
Check_Type.TREASURE,54,Chest 54,61,False,False,False,[],True,False,[]
Check_Type.TREASURE,55,Chest 55,61,False,False,False,[],True,False,[]
Check_Type.TREASURE,56,Chest 56,61,False,False,False,[],True,False,[]
Check_Type.TREASURE,57,Chest 57,61,False,False,False,[],True,False,[]
Check_Type.TREASURE,58,Chest 58,61,False,False,False,[],True,False,[]
Check_Type.TREASURE,60,Chest 60,61,False,False,False,[],True,False,[]
Check_Type.TREASURE,61,Chest 61,61,False,False,False,[],True,False,[]
Check_Type.TREASURE,62,Chest 62,61,False,False,False,[],True,False,[]
Check_Type.TREASURE,63,Chest 63,61,False,False,False,[],True,False,[]
Check_Type.TREASURE,64,Chest 64,61,False,False,False,[],True,False,[]
Check_Type.TREASURE,65,Chest 65,61,False,False,False,[],True,False,[]
Check_Type.TREASURE,66,Chest 66,61,False,False,False,[],True,False,[]
Check_Type.TREASURE,67,Chest 67,61,False,False,False,[],True,False,[]
Check_Type.TREASURE,69,Chest 69,61,False,False,False,[],True,False,[]
Check_Type.TREASURE,70,Chest 70,61,False,False,False,[],True,False,[]
Check_Type.TREASURE,71,Chest 71,61,False,False,False,[],True,False,[]
Check_Type.TREASURE,72,Chest 72,61,False,False,False,[],True,False,[]
Check_Type.TREASURE,73,Chest 73,61,False,False,False,[],True,False,[]
Check_Type.TREASURE,74,Chest 74,61,False,False,False,[],True,False,[]
Check_Type.TREASURE,75,Chest 75,61,False,False,False,[],True,False,[]
Check_Type.TREASURE,81,Chest 81,61,False,False,False,[],True,False,[]
Check_Type.TREASURE,82,Chest 82,61,False,False,False,[],True,False,[]
Check_Type.TREASURE,83,Chest 83,61,False,False,False,[],True,False,[]
Check_Type.TREASURE,84,Chest 84,61,False,False,False,[],True,False,[]
Check_Type.TREASURE,85,Chest 85,61,False,False,False,[],True,False,[]
Check_Type.TREASURE,86,Chest 86,61,False,False,False,[],True,False,[]
Check_Type.TREASURE,87,Chest 87,61,False,False,False,[],True,False,[]
Check_Type.TREASURE,90,Chest 90,61,False,False,False,[],True,False,[]
Check_Type.TREASURE,91,Chest 91,61,False,False,False,[],True,False,[]
Check_Type.TREASURE,92,Chest 92,61,False,False,False,[],True,False,[]
Check_Type.TREASURE,93,Chest 93,61,False,False,False,[],True,False,[]
Check_Type.TREASURE,94,Chest 94,61,False,False,False,[],True,False,[]
Check_Type.TREASURE,95,Chest 95,61,False,False,False,[],True,False,[]
Check_Type.TREASURE,96,Chest 96,61,False,False,False,[],True,False,[]
Check_Type.TREASURE,97,Chest 97,61,False,False,False,[],True,False,[]
Check_Type.TREASURE,101,Chest 101,62,False,False,False,[],True,False,[]
Check_Type.TREASURE,102,Chest 102,62,False,False,False,[],True,False,[]
Check_Type.TREASURE,103,Chest 103,62,False,False,False,[],True,False,[]
Check_Type.TREASURE,104,Chest 104,62,False,False,False,[],True,False,[]
Check_Type.TREASURE,105,Chest 105,62,False,False,False,[],True,False,[]
Check_Type.TREASURE,108,Chest 108,62,False,False,False,[],True,False,[]
Check_Type.TREASURE,111,Chest 111,62,False,False,False,[],True,False,[]
Check_Type.TREASURE,112,Chest 112,62,False,False,False,[],True,False,[]
Check_Type.TREASURE,113,Chest 113,62,False,False,False,[],True,False,[]
Check_Type.TREASURE,114,Chest 114,62,False,False,False,[],True,False,[]
Check_Type.TREASURE,115,Chest 115,62,False,False,False,[],True,False,[]
Check_Type.TREASURE,116,Chest 116,62,False,False,False,[],True,False,[]
Check_Type.TREASURE,117,Chest 117,62,False,False,False,[],True,False,[]
Check_Type.TREASURE,118,Chest 118,62,False,False,False,[],True,False,[]
Check_Type.TREASURE,119,Chest 119,62,False,False,False,[],True,False,[]
Check_Type.TREASURE,120,Chest 120,62,False,False,False,[],True,False,[]
Check_Type.TREASURE,121,Chest 121,62,False,False,False,[],True,False,[]
Check_Type.TREASURE,122,Chest 122,62,False,False,False,[],True,False,[]
Check_Type.TREASURE,123,Chest 123,62,False,False,False,[],True,False,[]
Check_Type.TREASURE,124,Chest 124,62,False,False,False,[],True,False,[]
Check_Type.TREASURE,125,Chest 125,62,False,False,False,[],True,False,[]
Check_Type.TREASURE,126,Chest 126,62,False,False,False,[],True,False,[]
Check_Type.TREASURE,127,Chest 127,62,False,False,False,[],True,False,[]
Check_Type.TREASURE,128,Chest 128,62,False,False,False,[],True,False,[]
Check_Type.TREASURE,129,Chest 129,62,False,False,False,[],True,False,[]
Check_Type.TREASURE,130,Chest 130,62,False,False,False,[],True,False,[]
Check_Type.TREASURE,132,Chest 132,62,False,False,False,[],True,False,[]
Check_Type.TREASURE,133,Chest 133,62,False,False,False,[],True,False,[]
Check_Type.TREASURE,134,Chest 134,62,False,False,False,[],True,False,[]
Check_Type.TREASURE,135,Chest 135,62,False,False,False,[],True,False,[]
Check_Type.TREASURE,136,Chest 136,62,False,False,False,[],True,False,[]
Check_Type.TREASURE,137,Chest 137,62,False,False,False,[],True,False,[]
Check_Type.TREASURE,138,Chest 138,62,False,False,False,[],True,False,[]
Check_Type.TREASURE,139,Chest 139,62,False,False,False,[],True,False,[]
Check_Type.TREASURE,140,Chest 140,62,False,False,False,[],True,False,[]
Check_Type.TREASURE,141,Chest 141,62,False,False,False,[],True,False,[]
Check_Type.TREASURE,143,Chest 143,62,False,False,False,[],True,False,[]
Check_Type.TREASURE,144,Chest 144,62,False,False,False,[],True,False,[]
Check_Type.TREASURE,145,Chest 145,62,False,False,False,[],True,False,[]
Check_Type.TREASURE,146,Chest 146,62,False,False,False,[],True,False,[]
Check_Type.TREASURE,147,Chest 147,62,False,False,False,[],True,False,[]
Check_Type.TREASURE,148,Chest 148,62,False,False,False,[],True,False,[]
Check_Type.TREASURE,149,Chest 149,62,False,False,False,[],True,False,[]
Check_Type.TREASURE,151,Chest 151,62,False,False,False,[],True,False,[]
Check_Type.TREASURE,152,Chest 152,62,False,False,False,[],True,False,[]
Check_Type.TREASURE,153,Chest 153,62,False,False,False,[],True,False,[]
Check_Type.TREASURE,154,Chest 154,62,False,False,False,[],True,False,[]
Check_Type.TREASURE,155,Chest 155,62,False,False,False,[],True,False,[]
Check_Type.TREASURE,156,Chest 156,62,False,False,False,[],True,False,[]
Check_Type.TREASURE,157,Chest 157,62,False,False,False,[],True,False,[]
Check_Type.TREASURE,158,Chest 158,62,False,False,False,[],True,False,[]
Check_Type.TREASURE,159,Chest 159,62,False,False,False,[],True,False,[]
Check_Type.TREASURE,160,Chest 160,62,False,False,False,[],True,False,[]
Check_Type.TREASURE,161,Chest 161,62,False,False,False,[],True,False,[]
Check_Type.TREASURE,162,Chest 162,62,False,False,False,[],True,False,[]
Check_Type.TREASURE,163,Chest 163,62,False,False,False,[],True,False,[]
Check_Type.TREASURE,164,Chest 164,62,False,False,False,[],True,False,[]
Check_Type.TREASURE,165,Chest 165,62,False,False,False,[],True,False,[]
Check_Type.TREASURE,166,Chest 166,62,False,False,False,[],True,False,[]
Check_Type.TREASURE,171,Chest 171,62,False,False,False,[],True,False,[]
Check_Type.TREASURE,172,Chest 172,62,False,False,False,[],True,False,[]
Check_Type.TREASURE,173,Chest 173,62,False,False,False,[],True,False,[]
Check_Type.TREASURE,174,Chest 174,62,False,False,False,[],True,False,[]
Check_Type.TREASURE,175,Chest 175,62,False,False,False,[],True,False,[]
Check_Type.TREASURE,176,Chest 176,62,False,False,False,[],True,False,[]
Check_Type.TREASURE,177,Chest 177,62,False,False,False,[],True,False,[]
Check_Type.TREASURE,178,Chest 178,62,False,False,False,[],True,False,[]
Check_Type.TREASURE,179,Chest 179,62,False,False,False,[],True,False,[]
Check_Type.TREASURE,180,Chest 180,62,False,False,False,[],True,False,[]
Check_Type.TREASURE,181,Chest 181,62,False,False,False,[],True,False,[]
Check_Type.TREASURE,182,Chest 182,62,False,False,False,[],True,False,[]
Check_Type.TREASURE,184,Chest 184,62,False,False,False,[],True,False,[]
Check_Type.TREASURE,185,Chest 185,62,False,False,False,[],True,False,[]
Check_Type.TREASURE,186,Chest 186,62,False,False,False,[],True,False,[]
Check_Type.TREASURE,187,Chest 187,62,False,False,False,[],True,False,[]
Check_Type.TREASURE,188,Chest 188,62,False,False,False,[],True,False,[]
Check_Type.TREASURE,189,Chest 189,62,False,False,False,[],True,False,[]
Check_Type.TREASURE,190,Chest 190,62,False,False,False,[],True,False,[]
Check_Type.TREASURE,191,Chest 191,62,False,False,False,[],True,False,[]
Check_Type.TREASURE,201,Chest 201,63,False,False,False,[],True,False,[]
Check_Type.TREASURE,202,Chest 202,63,False,False,False,[],True,False,[]
Check_Type.TREASURE,203,Chest 203,63,False,False,False,[],True,False,[]
Check_Type.TREASURE,204,Chest 204,63,False,False,False,[],True,False,[]
Check_Type.TREASURE,205,Chest 205,63,False,False,False,[],True,False,[]
Check_Type.TREASURE,206,Chest 206,63,False,False,False,[],True,False,[]
Check_Type.TREASURE,207,Chest 207,63,False,False,False,[],True,False,[]
Check_Type.TREASURE,209,Chest 209,63,False,False,False,[],True,False,[]
Check_Type.TREASURE,210,Chest 210,63,False,False,False,[],True,False,[]
Check_Type.TREASURE,211,Chest 211,63,False,False,False,[],True,False,[]
Check_Type.TREASURE,212,Chest 212,63,False,False,False,[],True,False,[]
Check_Type.TREASURE,213,Chest 213,63,False,False,False,[],True,False,[]
Check_Type.TREASURE,214,Chest 214,63,False,False,False,[],True,False,[]
Check_Type.TREASURE,215,Chest 215,63,False,False,False,[],True,False,[]
Check_Type.TREASURE,216,Chest 216,63,False,False,False,[],True,False,[]
Check_Type.TREASURE,217,Chest 217,63,False,False,False,[],True,False,[]
Check_Type.TREASURE,221,Chest 221,63,False,False,False,[],True,False,[]
Check_Type.TREASURE,222,Chest 222,63,False,False,False,[],True,False,[]
Check_Type.TREASURE,223,Chest 223,63,False,False,False,[],True,False,[]
Check_Type.TREASURE,224,Chest 224,63,False,False,False,[],True,False,[]
Check_Type.TREASURE,225,Chest 225,63,False,False,False,[],True,False,[]
Check_Type.TREASURE,226,Chest 226,63,False,False,False,[],True,False,[]
Check_Type.TREASURE,228,Chest 228,63,False,False,False,[],True,False,[]
Check_Type.TREASURE,229,Chest 229,63,False,False,False,[],True,False,[]
Check_Type.TREASURE,234,Chest 234,63,False,False,False,[],True,False,[]
Check_Type.TREASURE,235,Chest 235,63,False,False,False,[],True,False,[]
Check_Type.TREASURE,236,Chest 236,63,False,False,False,[],True,False,[]
Check_Type.TREASURE,241,Chest 241,63,False,False,False,[],True,False,[]
Check_Type.TREASURE,242,Chest 242,63,False,False,False,[],True,False,[]
Check_Type.TREASURE,243,Chest 243,63,False,False,False,[],True,False,[]
Check_Type.TREASURE,244,Chest 244,63,False,False,False,[],True,False,[]
Check_Type.TREASURE,245,Chest 245,63,False,False,False,[],True,False,[]
Check_Type.TREASURE,246,Chest 246,63,False,False,False,[],True,False,[]
Check_Type.TREASURE,247,Chest 247,63,False,False,False,[],True,False,[]
Check_Type.TREASURE,249,Chest 249,63,False,False,False,[],True,False,[]
Check_Type.TREASURE,250,Chest 250,63,False,False,False,[],True,False,[]
Check_Type.TREASURE,251,Chest 251,63,False,False,False,[],True,False,[]
Check_Type.TREASURE,252,Chest 252,63,False,False,False,[],True,False,[]
Check_Type.TREASURE,253,Chest 253,63,False,False,False,[],True,False,[]
Check_Type.TREASURE,261,Chest 261,63,False,False,False,[],True,False,[]
Check_Type.TREASURE,262,Chest 262,63,False,False,False,[],True,False,[]
Check_Type.TREASURE,263,Chest 263,63,False,False,False,[],True,False,[]
Check_Type.TREASURE,265,Chest 265,63,False,False,False,[],True,False,[]
Check_Type.TREASURE,266,Chest 266,63,False,False,False,[],True,False,[]
Check_Type.TREASURE,267,Chest 267,63,False,False,False,[],True,False,[]
Check_Type.TREASURE,268,Chest 268,63,False,False,False,[],True,False,[]
Check_Type.TREASURE,269,Chest 269,63,False,False,False,[],True,False,[]
Check_Type.TREASURE,270,Chest 270,63,False,False,False,[],True,False,[]
Check_Type.TREASURE,271,Chest 271,63,False,False,False,[],True,False,[]
Check_Type.TREASURE,272,Chest 272,63,False,False,False,[],True,False,[]
Check_Type.TREASURE,273,Chest 273,63,False,False,False,[],True,False,[]
Check_Type.TREASURE,274,Chest 274,63,False,False,False,[],True,False,[]
Check_Type.TREASURE,275,Chest 275,63,False,False,False,[],True,False,[]
Check_Type.TREASURE,301,Chest 301,60,False,False,False,[],True,False,[]
Check_Type.TREASURE,302,Chest 302,60,False,False,False,[],True,False,[]
Check_Type.TREASURE,303,Chest 303,60,False,False,False,[],True,False,[]
Check_Type.TREASURE,304,Chest 304,60,False,False,False,[],True,False,[]
Check_Type.TREASURE,305,Chest 305,60,False,False,False,[],True,False,[]
Check_Type.TREASURE,306,Chest 306,60,False,False,False,[],True,False,[]
Check_Type.TREASURE,307,Chest 307,60,False,False,False,[],True,False,[]
Check_Type.TREASURE,308,Chest 308,60,False,False,False,[],True,False,[]
Check_Type.TREASURE,309,Chest 309,60,False,False,False,[],True,False,[]
Check_Type.TREASURE,310,Chest 310,60,False,False,False,[],True,False,[]
Check_Type.TREASURE,311,Chest 311,60,False,False,False,[],True,False,[]
Check_Type.TREASURE,312,Chest 312,60,False,False,False,[],True,False,[]
Check_Type.TREASURE,313,Chest 313,60,False,False,False,[],True,False,[]
Check_Type.TREASURE,314,Chest 314,60,False,False,False,[],True,False,[]
Check_Type.TREASURE,315,Chest 315,60,False,False,False,[],True,False,[]
Check_Type.TREASURE,316,Chest 316,60,False,False,False,[],True,False,[]
Check_Type.TREASURE,317,Chest 317,60,False,False,False,[],True,False,[]
Check_Type.TREASURE,318,Chest 318,60,False,False,False,[],True,False,[]
Check_Type.TREASURE,319,Chest 319,60,False,False,False,[],True,False,[]
Check_Type.TREASURE,320,Chest 320,60,False,False,False,[],True,False,[]
Check_Type.TREASURE,321,Chest 321,60,False,False,False,[],True,False,[]
Check_Type.TREASURE,322,Chest 322,60,False,False,False,[],True,False,[]
Check_Type.TREASURE,323,Chest 323,60,False,False,False,[],True,False,[]
Check_Type.TREASURE,324,Chest 324,60,False,False,False,[],True,False,[]
Check_Type.TREASURE,325,Chest 325,60,False,False,False,[],True,False,[]
Check_Type.TREASURE,326,Chest 326,60,False,False,False,[],True,False,[]
Check_Type.TREASURE,327,Chest 327,60,False,False,False,[],True,False,[]
Check_Type.TREASURE,328,Chest 328,60,False,False,False,[],True,False,[]
Check_Type.TREASURE,329,Chest 329,60,False,False,False,[],True,False,[]
Check_Type.TREASURE,330,Chest 330,60,False,False,False,[],True,False,[]
Check_Type.TREASURE,331,Chest 331,60,False,False,False,[],True,False,[]
Check_Type.TREASURE,332,Chest 332,60,False,False,False,[],True,False,[]
Check_Type.TREASURE,333,Chest 333,60,False,False,False,[],True,False,[]
Check_Type.TREASURE,334,Chest 334,60,False,False,False,[],True,False,[]
Check_Type.TREASURE,335,Chest 335,60,False,False,False,[],True,False,[]
Check_Type.TREASURE,336,Chest 336,60,False,False,False,[],True,False,[]
Check_Type.TREASURE,337,Chest 337,60,False,False,False,[],True,False,[]
Check_Type.TREASURE,338,Chest 338,60,False,False,False,[],True,False,[]
Check_Type.TREASURE,339,Chest 339,60,False,False,False,[],True,False,[]
Check_Type.TREASURE,340,Chest 340,60,False,False,False,[],True,False,[]
Check_Type.TREASURE,341,Chest 341,60,False,False,False,[],True,False,[]
Check_Type.TREASURE,342,Chest 342,60,False,False,False,[],True,False,[]
Check_Type.TREASURE,343,Chest 343,60,False,False,False,[],True,False,[]
Check_Type.TREASURE,344,Chest 344,60,False,False,False,[],True,False,[]
Check_Type.TREASURE,345,Chest 345,60,False,False,False,[],True,False,[]
Check_Type.TREASURE,346,Chest 346,60,False,False,False,[],True,False,[]
Check_Type.TREASURE,347,Chest 347,60,False,False,False,[],True,False,[]
Check_Type.TREASURE,348,Chest 348,60,False,False,False,[],True,False,[]
Check_Type.TREASURE,349,Chest 349,60,False,False,False,[],True,False,[]
Check_Type.TREASURE,350,Chest 350,60,False,False,False,[],True,False,[]
Check_Type.TREASURE,351,Chest 351,60,False,False,False,[],True,False,[]
Check_Type.TREASURE,352,Chest 352,60,False,False,False,[],True,False,[]
Check_Type.TREASURE,353,Chest 353,60,False,False,False,[],True,False,[]
Check_Type.TREASURE,354,Chest 354,60,False,False,False,[],True,False,[]
Check_Type.TREASURE,355,Chest 355,60,False,False,False,[],True,False,[]
Check_Type.TREASURE,356,Chest 356,60,False,False,False,[],True,False,[]
Check_Type.TREASURE,357,Chest 357,60,False,False,False,[],True,False,[]
Check_Type.TREASURE,358,Chest 358,60,False,False,False,[],True,False,[]
Check_Type.TREASURE,359,Chest 359,60,False,False,False,[],True,False,[]
Check_Type.TREASURE,360,Chest 360,60,False,False,False,[],True,False,[]
Check_Type.TREASURE,362,Chest 362,60,False,False,False,[],True,False,[]
Check_Type.TREASURE,363,Chest 363,60,False,False,False,[],True,False,[]
Check_Type.TREASURE,364,Chest 364,60,False,False,False,[],True,False,[]
Check_Type.TREASURE,365,Chest 365,60,False,False,False,[],True,False,[]
Check_Type.TREASURE,366,Chest 366,60,False,False,False,[],True,False,[]
Check_Type.TREASURE,367,Chest 367,60,False,False,False,[],True,False,[]
Check_Type.TREASURE,368,Chest 368,60,False,False,False,[],True,False,[]
Check_Type.TREASURE,369,Chest 369,60,False,False,False,[],True,False,[]
Check_Type.TREASURE,370,Chest 370,60,False,False,False,[],True,False,[]
Check_Type.TREASURE,371,Chest 371,60,False,False,False,[],True,False,[]
Check_Type.TREASURE,372,Chest 372,60,False,False,False,[],True,False,[]
Check_Type.TREASURE,373,Chest 373,60,False,False,False,[],True,False,[]
Check_Type.TREASURE,401,Chest 401,64,False,False,False,[],True,False,[]
Check_Type.TREASURE,402,Chest 402,64,False,False,False,[],True,False,[]
Check_Type.TREASURE,403,Chest 403,64,False,False,False,[],True,False,[]
Check_Type.TREASURE,404,Chest 404,64,False,False,False,[],True,False,[]
Check_Type.TREASURE,405,Chest 405,64,False,False,False,[],True,False,[]
Check_Type.TREASURE,406,Chest 406,64,False,False,False,[],True,False,[]
Check_Type.TREASURE,411,Chest 411,64,False,False,False,[],True,False,[]
Check_Type.TREASURE,412,Chest 412,64,False,False,False,[],True,False,[]
Check_Type.TREASURE,413,Chest 413,64,False,False,False,[],True,False,[]
Check_Type.TREASURE,414,Chest 414,64,False,False,False,[],True,False,[]
Check_Type.TREASURE,415,Chest 415,64,False,False,False,[],True,False,[]
Check_Type.TREASURE,416,Chest 416,64,False,False,False,[],True,False,[]
Check_Type.TREASURE,417,Chest 417,64,False,False,False,[],True,False,[]
Check_Type.TREASURE,418,Chest 418,64,False,False,False,[],True,False,[]
Check_Type.TREASURE,421,Chest 421,64,False,False,False,[],True,False,[]
Check_Type.TREASURE,422,Chest 422,64,False,False,False,[],True,False,[]
Check_Type.TREASURE,423,Chest 423,64,False,False,False,[],True,False,[]
Check_Type.TREASURE,424,Chest 424,64,False,False,False,[],True,False,[]
Check_Type.TREASURE,425,Chest 425,64,False,False,False,[],True,False,[]
Check_Type.TREASURE,426,Chest 426,64,False,False,False,[],True,False,[]
Check_Type.TREASURE,427,Chest 427,64,False,False,False,[],True,False,[]
Check_Type.TREASURE,431,Chest 431,64,False,False,False,[],True,False,[]
Check_Type.TREASURE,432,Chest 432,64,False,False,False,[],True,False,[]
Check_Type.TREASURE,433,Chest 433,64,False,False,False,[],True,False,[]
Check_Type.TREASURE,434,Chest 434,64,False,False,False,[],True,False,[]
Check_Type.TREASURE,435,Chest 435,64,False,False,False,[],True,False,[]
Check_Type.TREASURE,436,Chest 436,64,False,False,False,[],True,False,[]
Check_Type.TREASURE,437,Chest 437,64,False,False,False,[],True,False,[]
Check_Type.TREASURE,438,Chest 438,64,False,False,False,[],True,False,[]
Check_Type.TREASURE,439,Chest 439,64,False,False,False,[],True,False,[]
Check_Type.TREASURE,440,Chest 440,64,False,False,False,[],True,False,[]
Check_Type.TREASURE,441,Chest 441,64,False,False,False,[],True,False,[]
Check_Type.TREASURE,442,Chest 442,64,False,False,False,[],True,False,[]
Check_Type.TREASURE,443,Chest 443,64,False,False,False,[],True,False,[]
Check_Type.TREASURE,444,Chest 444,64,False,False,False,[],True,False,[]
Check_Type.TREASURE,445,Chest 445,64,False,False,False,[],True,False,[]
Check_Type.TREASURE,446,Chest 446,64,False,False,False,[],True,False,[]
Check_Type.TREASURE,447,Chest 447,64,False,False,False,[],True,False,[]
Check_Type.TREASURE,448,Chest 448,64,False,False,False,[],True,False,[]
Check_Type.TREASURE,449,Chest 449,64,False,False,False,[],True,False,[]
Check_Type.TREASURE,450,Chest 450,64,False,False,False,[],True,False,[]
Check_Type.TREASURE,451,Chest 451,64,False,False,False,[],True,False,[]
Check_Type.TREASURE,452,Chest 452,64,False,False,False,[],True,False,[]
Check_Type.TREASURE,453,Chest 453,64,False,False,False,[],True,False,[]
Check_Type.TREASURE,454,Chest 454,64,False,False,False,[],True,False,[]
Check_Type.TREASURE,455,Chest 455,64,False,False,False,[],True,False,[]
Check_Type.TREASURE,461,Chest 461,64,False,False,False,[],True,False,[]
Check_Type.TREASURE,462,Chest 462,64,False,False,False,[],True,False,[]
Check_Type.TREASURE,463,Chest 463,64,False,False,False,[],True,False,[]
Check_Type.TREASURE,464,Chest 464,64,False,False,False,[],True,False,[]
Check_Type.TREASURE,465,Chest 465,64,False,False,False,[],True,False,[]
Check_Type.TREASURE,466,Chest 466,64,False,False,False,[],True,False,[]
Check_Type.TREASURE,467,Chest 467,64,False,False,False,[],True,False,[]
Check_Type.TREASURE,468,Chest 468,64,False,False,False,[],True,False,[]
Check_Type.TREASURE,469,Chest 469,64,False,False,False,[],True,False,[]
Check_Type.TREASURE,470,Chest 470,64,False,False,False,[],True,False,[]
Check_Type.TREASURE,471,Chest 471,64,False,False,False,[],True,False,[]
Check_Type.TREASURE,472,Chest 472,64,False,False,False,[],True,False,[]
Check_Type.TREASURE,473,Chest 473,64,False,False,False,[],True,False,[]
Check_Type.TREASURE,474,Chest 474,64,False,False,False,[],True,False,[]
Check_Type.TREASURE,475,Chest 475,64,False,False,False,[],True,False,[]
Check_Type.TREASURE,481,Chest 481,64,False,False,False,[],True,False,[]
Check_Type.TREASURE,482,Chest 482,64,False,False,False,[],True,False,[]
Check_Type.TREASURE,483,Chest 483,64,False,False,False,[],True,False,[]
Check_Type.TREASURE,484,Chest 484,64,False,False,False,[],True,False,[]
Check_Type.TREASURE,485,Chest 485,64,False,False,False,[],True,False,[]
Check_Type.TREASURE,486,Chest 486,64,False,False,False,[],True,False,[]
Check_Type.TREASURE,487,Chest 487,64,False,False,False,[],True,False,[]
Check_Type.TREASURE,488,Chest 488,64,False,False,False,[],True,False,[]
Check_Type.TREASURE,489,Chest 489,64,False,False,False,[],True,False,[]
Check_Type.TREASURE,490,Chest 490,64,False,False,False,[],True,False,[]
Check_Type.TREASURE,491,Chest 491,64,False,False,False,[],True,False,[]
Check_Type.TREASURE,492,Chest 492,64,False,False,False,[],True,False,[]
Check_Type.TREASURE,493,Chest 493,64,False,False,False,[],True,False,[]
Check_Type.TREASURE,501,Chest 501,35,False,False,False,[],True,False,[]
Check_Type.TREASURE,502,Chest 502,35,False,False,False,[],True,False,[]
Check_Type.TREASURE,503,Chest 503,35,False,False,False,[],True,False,[]
Check_Type.TREASURE,504,Chest 504,35,False,False,False,[],True,False,[]
Check_Type.TREASURE,505,Chest 505,35,False,False,False,[],True,False,[]
Check_Type.TREASURE,506,Chest 506,35,False,False,False,[],True,False,[]
Check_Type.TREASURE,507,Chest 507,35,False,False,False,[],True,False,[]
Check_Type.TREASURE,508,Chest 508,35,False,False,False,[],True,False,[]
Check_Type.TREASURE,509,Chest 509,35,False,False,False,[],True,False,[]
Check_Type.TREASURE,510,Chest 510,35,False,False,False,[],True,False,[]
Check_Type.TREASURE,521,Chest 521,35,False,False,False,[],True,False,[]
Check_Type.TREASURE,522,Chest 522,35,False,False,False,[],True,False,[]
Check_Type.TREASURE,523,Chest 523,35,False,False,False,[],True,False,[]
Check_Type.TREASURE,524,Chest 524,35,False,False,False,[],True,False,[]
Check_Type.TREASURE,525,Chest 525,35,False,False,False,[],True,False,[]
Check_Type.TREASURE,526,Chest 526,35,False,False,False,[],True,False,[]
Check_Type.TREASURE,527,Chest 527,35,False,False,False,[],True,False,[]
Check_Type.TREASURE,528,Chest 528,35,False,False,False,[],True,False,[]
Check_Type.TREASURE,529,Chest 529,35,False,False,False,[],True,False,[]
Check_Type.TREASURE,541,Chest 541,35,False,False,False,[],True,False,[]
Check_Type.TREASURE,542,Chest 542,35,False,False,False,[],True,False,[]
Check_Type.TREASURE,543,Chest 543,35,False,False,False,[],True,False,[]
Check_Type.TREASURE,544,Chest 544,35,False,False,False,[],True,False,[]
Check_Type.TREASURE,545,Chest 545,35,False,False,False,[],True,False,[]
Check_Type.TREASURE,546,Chest 546,35,False,False,False,[],True,False,[]
Check_Type.TREASURE,601,Chest 601,36,False,False,False,[],True,False,[]
Check_Type.TREASURE,602,Chest 602,36,False,False,False,[],True,False,[]
Check_Type.TREASURE,603,Chest 603,36,False,False,False,[],True,False,[]
Check_Type.TREASURE,604,Chest 604,36,False,False,False,[],True,False,[]
Check_Type.TREASURE,605,Chest 605,36,False,False,False,[],True,False,[]
Check_Type.TREASURE,606,Chest 606,36,False,False,False,[],True,False,[]
Check_Type.TREASURE,607,Chest 607,36,False,False,False,[],True,False,[]
Check_Type.TREASURE,608,Chest 608,36,False,False,False,[],True,False,[]
Check_Type.TREASURE,609,Chest 609,36,False,False,False,[],True,False,[]
Check_Type.TREASURE,610,Chest 610,36,False,False,False,[],True,False,[]
Check_Type.TREASURE,611,Chest 611,36,False,False,False,[],True,False,[]
Check_Type.TREASURE,621,Chest 621,36,False,False,False,[],True,False,[]
Check_Type.TREASURE,622,Chest 622,36,False,False,False,[],True,False,[]
Check_Type.TREASURE,623,Chest 623,36,False,False,False,[],True,False,[]
Check_Type.TREASURE,624,Chest 624,36,False,False,False,[],True,False,[]
Check_Type.TREASURE,625,Chest 625,36,False,False,False,[],True,False,[]
Check_Type.TREASURE,626,Chest 626,36,False,False,False,[],True,False,[]
Check_Type.TREASURE,627,Chest 627,36,False,False,False,[],True,False,[]
Check_Type.TREASURE,628,Chest 628,36,False,False,False,[],True,False,[]
Check_Type.TREASURE,629,Chest 629,36,False,False,False,[],True,False,[]
Check_Type.TREASURE,630,Chest 630,36,False,False,False,[],True,False,[]
Check_Type.TREASURE,631,Chest 631,36,False,False,False,[],True,False,[]
Check_Type.TREASURE,632,Chest 632,36,False,False,False,[],True,False,[]
Check_Type.TREASURE,633,Chest 633,36,False,False,False,[],True,False,[]
Check_Type.TREASURE,634,Chest 634,36,False,False,False,[],True,False,[]
Check_Type.TREASURE,641,Chest 641,36,False,False,False,[],True,False,[]
Check_Type.TREASURE,642,Chest 642,36,False,False,False,[],True,False,[]
Check_Type.TREASURE,643,Chest 643,36,False,False,False,[],True,False,[]
Check_Type.TREASURE,644,Chest 644,36,False,False,False,[],True,False,[]
Check_Type.TREASURE,645,Chest 645,36,False,False,False,[],True,False,[]
Check_Type.TREASURE,646,Chest 646,36,False,False,False,[],True,False,[]
Check_Type.TREASURE,647,Chest 647,36,False,False,False,[],True,False,[]
Check_Type.TREASURE,648,Chest 648,36,False,False,False,[],True,False,[]
Check_Type.TREASURE,649,Chest 649,36,False,False,False,[],True,False,[]
Check_Type.TREASURE,650,Chest 650,36,False,False,False,[],True,False,[]
Check_Type.TREASURE,651,Chest 651,36,False,False,False,[],True,False,[]
Check_Type.TREASURE,652,Chest 652,36,False,False,False,[],True,False,[]
Check_Type.TREASURE,653,Chest 653,36,False,False,False,[],True,False,[]
Check_Type.TREASURE,661,Chest 661,36,False,False,False,[],True,False,[]
Check_Type.TREASURE,662,Chest 662,36,False,False,False,[],True,False,[]
Check_Type.TREASURE,663,Chest 663,36,False,False,False,[],True,False,[]
Check_Type.TREASURE,701,Chest 701,16,False,False,False,[],True,False,[]
Check_Type.TREASURE,702,Chest 702,16,False,False,False,[],True,False,[]
Check_Type.TREASURE,703,Chest 703,16,False,False,False,[],True,False,[]
Check_Type.TREASURE,704,Chest 704,16,False,False,False,[],True,False,[]
Check_Type.TREASURE,705,Chest 705,16,False,False,False,[],True,False,[]
Check_Type.TREASURE,706,Chest 706,16,False,False,False,[],True,False,[]
Check_Type.TREASURE,707,Chest 707,16,False,False,False,[],True,False,[]
Check_Type.TREASURE,708,Chest 708,16,False,False,False,[],True,False,[]
Check_Type.TREASURE,709,Chest 709,16,False,False,False,[],True,False,[]
Check_Type.TREASURE,710,Chest 710,16,False,False,False,[],True,False,[]
Check_Type.TREASURE,711,Chest 711,16,False,False,False,[],True,False,[]
Check_Type.TREASURE,712,Chest 712,16,False,False,False,[],True,False,[]
Check_Type.TREASURE,722,Chest 722,107,False,False,False,[],True,False,[]
Check_Type.TREASURE,723,Chest 723,107,False,False,False,[],True,False,[]
Check_Type.TREASURE,724,Chest 724,107,False,False,False,[],True,False,[]
Check_Type.TREASURE,725,Chest 725,107,False,False,False,[],True,False,[]
Check_Type.TREASURE,726,Chest 726,107,False,False,False,[],True,False,[]
Check_Type.TREASURE,731,Chest 731,38,False,False,False,[],True,False,[]
Check_Type.TREASURE,732,Chest 732,38,False,False,False,[],True,False,[]
Check_Type.TREASURE,733,Chest 733,38,False,False,False,[],True,False,[]
Check_Type.TREASURE,734,Chest 734,38,False,False,False,[],True,False,[]
Check_Type.TREASURE,735,Chest 735,38,False,False,False,[],True,False,[]
Check_Type.TREASURE,736,Chest 736,38,False,False,False,[],True,False,[]
Check_Type.TREASURE,737,Chest 737,38,False,False,False,[],True,False,[]
Check_Type.TREASURE,738,Chest 738,38,False,False,False,[],True,False,[]
Check_Type.TREASURE,739,Chest 739,38,False,False,False,[],True,False,[]
Check_Type.TREASURE,740,Chest 740,38,False,False,False,[],True,False,[]
Check_Type.TREASURE,741,Chest 741,38,False,False,False,[],True,False,[]
Check_Type.TREASURE,742,Chest 742,38,False,False,False,[],True,False,[]
Check_Type.TREASURE,751,Chest 751,38,False,False,False,[],True,False,[]
Check_Type.TREASURE,752,Chest 752,38,False,False,False,[],True,False,[]
Check_Type.TREASURE,753,Chest 753,38,False,False,False,[],True,False,[]
Check_Type.TREASURE,754,Chest 754,38,False,False,False,[],True,False,[]
Check_Type.TREASURE,755,Chest 755,38,False,False,False,[],True,False,[]
Check_Type.TREASURE,756,Chest 756,38,False,False,False,[],True,False,[]
Check_Type.TREASURE,757,Chest 757,38,False,False,False,[],True,False,[]
Check_Type.TREASURE,758,Chest 758,38,False,False,False,[],True,False,[]
Check_Type.TREASURE,759,Chest 759,38,False,False,False,[],True,False,[]
Check_Type.TREASURE,760,Chest 760,38,False,False,False,[],True,False,[]
Check_Type.TREASURE,761,Chest 761,38,False,False,False,[],True,False,[]
Check_Type.TREASURE,762,Chest 762,38,False,False,False,[],True,False,[]
Check_Type.TREASURE,763,Chest 763,38,False,False,False,[],True,False,[]
Check_Type.TREASURE,764,Chest 764,38,False,False,False,[],True,False,[]
Check_Type.TREASURE,765,Chest 765,38,False,False,False,[],True,False,[]
Check_Type.TREASURE,771,Chest 771,38,False,False,False,[],True,False,[]
Check_Type.TREASURE,772,Chest 772,38,False,False,False,[],True,False,[]
Check_Type.TREASURE,773,Chest 773,38,False,False,False,[],True,False,[]
Check_Type.TREASURE,774,Chest 774,38,False,False,False,[],True,False,[]
Check_Type.TREASURE,775,Chest 775,38,False,False,False,[],True,False,[]
Check_Type.TREASURE,776,Chest 776,38,False,False,False,[],True,False,[]
Check_Type.TREASURE,777,Chest 777,38,False,False,False,[],True,False,[]
Check_Type.TREASURE,778,Chest 778,38,False,False,False,[],True,False,[]
Check_Type.TREASURE,779,Chest 779,38,False,False,False,[],True,False,[]
Check_Type.TREASURE,780,Chest 780,38,False,False,False,[],True,False,[]
Check_Type.TREASURE,781,Chest 781,38,False,False,False,[],True,False,[]
Check_Type.TREASURE,782,Chest 782,38,False,False,False,[],True,False,[]
Check_Type.TREASURE,783,Chest 783,38,False,False,False,[],True,False,[]
Check_Type.TREASURE,791,Chest 791,38,False,False,False,[],True,False,[]
Check_Type.TREASURE,792,Chest 792,38,False,False,False,[],True,False,[]
Check_Type.MISSION,6,No Stone Unturned,61,False,False,False,[],True,False,[]
Check_Type.MISSION,7,The Ultimate Omelet,61,False,False,False,[],True,False,[]
Check_Type.MISSION,8,The Cursed Mermaids,61,False,False,False,[],True,False,[]
Check_Type.MISSION,9,The Demon of the Spring,61,False,False,False,[],True,False,[]
Check_Type.MISSION,12,A Golden Opportunity,62,False,False,True,[],True,False,[]
Check_Type.MISSION,13,Talisman Hunt,61,False,False,False,[],True,False,[]
Check_Type.MISSION,14,The Root of the Problem,62,False,False,False,[],True,False,[]
Check_Type.MISSION,15,Can I Keep Them?,62,False,False,False,[],True,False,[]
Check_Type.MISSION,16,Birds of a Feather,62,False,False,False,[],True,False,[]
Check_Type.MISSION,17,Kumbhanda's Bottle,62,False,False,False,[],True,False,[]
Check_Type.MISSION,18,A Goddess Stolen,62,False,False,False,[],True,False,[]
Check_Type.MISSION,19,The Tyrant of Tennozu,62,False,False,False,[],True,False,[]
Check_Type.MISSION,20,The One I Love,62,False,False,False,[],True,False,[]
Check_Type.MISSION,21,A Wish for a Fish,62,False,False,False,[],True,False,[]
Check_Type.MISSION,22,Hellfire Highway,63,False,False,False,[<Canon.CREATION: 0>],True,False,[]
Check_Type.MISSION,24,The Search for Oyamatsumi,63,False,False,False,[<Canon.CREATION: 0>],True,False,[]
Check_Type.MISSION,25,One Mokoi's Trash...,63,False,False,False,[<Canon.CREATION: 0>],True,False,[]
Check_Type.MISSION,26,The Path to Myojin Forest,63,False,False,False,[<Canon.CREATION: 0>],True,False,[]
Check_Type.MISSION,27,Glitter in Ginza,63,False,False,False,[<Canon.CREATION: 0>],True,False,[]
Check_Type.MISSION,28,Clash with the Kunitsukami,63,False,False,True,[],True,False,[]
Check_Type.MISSION,29,The Horn of Plenty,63,False,False,True,[],True,False,[]
Check_Type.MISSION,30,He of a Hundred Hands,63,False,False,False,[<Canon.CREATION: 0>],True,False,[]
Check_Type.MISSION,31,The Angel of Destruction,63,False,False,True,[],True,False,[]
Check_Type.MISSION,32,Roar of Hatred,63,False,False,True,[],True,False,[]
Check_Type.MISSION,33,Downtown Rock 'n Roll,60,False,False,False,[],True,False,[]
Check_Type.MISSION,34,An Unusual Forecast,63,False,False,True,[],True,False,[]
Check_Type.MISSION,36,Keeper of the South,60,False,False,False,[],True,False,[]
Check_Type.MISSION,37,Keeper of the East,60,False,False,False,[],True,False,[]
Check_Type.MISSION,38,Keeper of the West,60,False,False,False,[],True,False,[]
Check_Type.MISSION,39,Keeper of the North,60,False,False,False,[],True,False,[]
Check_Type.MISSION,40,The Egyptians' Fate,60,False,False,False,[<Canon.CREATION: 0>],True,False,[]
Check_Type.MISSION,41,The Winged Sun,60,False,False,True,[],True,False,[]
Check_Type.MISSION,42,The Succession of Ra,60,False,False,False,[<Canon.CREATION: 0>],True,False,[]
Check_Type.MISSION,43,Abaddon's Assault,60,False,False,False,[],True,False,[]
Check_Type.MISSION,44,Fionn's Resolve,60,False,False,False,[],True,False,[]
Check_Type.MISSION,45,The Holy Ring,960,False,False,False,[],True,False,[]
Check_Type.MISSION,46,The Bull God's Lineage,60,False,False,False,[],True,False,[]
Check_Type.MISSION,47,A Plot Revealed,16,False,False,False,[],True,False,[]
Check_Type.MISSION,48,The Golden Dragon's Arrival,63,False,False,False,[],True,False,[]
Check_Type.MISSION,49,The Benevolent One,60,False,False,False,[],True,False,[]
Check_Type.MISSION,50,The Seraph's Return,16,False,True,True,[],True,False,[]
Check_Type.MISSION,51,The Red Dragon's Invitation,16,False,True,True,[],True,False,[]
Check_Type.MISSION,52,The Compassionate Queen,16,False,False,True,[],True,False,[]
Check_Type.MISSION,55,A Universe in Peril,16,False,False,False,[],True,False,[]
Check_Type.MISSION,56,To Cure a Curse,61,False,False,False,[],True,False,[]
Check_Type.MISSION,57,Chakra Drop Chomp,61,False,False,False,[],True,False,[]
Check_Type.MISSION,58,Iced Out,61,True,False,False,[],False,False,[]
Check_Type.MISSION,59,Lighting the Way,63,True,False,True,[],False,False,[]
Check_Type.MISSION,61,Magic from the East,61,False,False,False,[],True,False,[]
Check_Type.MISSION,62,Stones of Malice,63,True,False,True,[],False,False,[]
Check_Type.MISSION,63,On Bended Knees,60,False,False,False,[],True,False,[]
Check_Type.MISSION,64,The Sleeping Sands,60,True,False,False,[],False,False,[]
Check_Type.MISSION,65,A Princess in a Pickle,60,True,False,False,[],False,False,[]
Check_Type.MISSION,66,An Incentive for Incense,60,True,False,False,[],False,False,[]
Check_Type.MISSION,67,A Need for Nectar,60,True,False,False,[],False,False,[]
Check_Type.MISSION,68,Bully Breaker,61,False,False,False,[],True,False,[]
Check_Type.MISSION,69,Pollution Panic,61,False,False,False,[],True,False,[]
Check_Type.MISSION,70,The Water Nymph,61,False,True,False,[],True,False,[]
Check_Type.MISSION,71,The Spirit of Love,61,False,True,False,[],True,False,[]
Check_Type.MISSION,72,The Falcon's Head,63,False,False,True,[<Canon.CREATION: 0>],False,False,[]
Check_Type.MISSION,73,A Power Beyond Control,63,False,False,True,[],True,False,[]
Check_Type.MISSION,74,The Destined Leader,960,False,False,False,[],True,False,[]
Check_Type.MISSION,75,Those Seeking Sanctuary,62,False,True,False,[],True,False,[]
Check_Type.MISSION,76,Holding the Line,62,False,True,False,[],True,False,[]
Check_Type.MISSION,77,Black Frost Strikes Back,63,False,True,False,[<Canon.CREATION: 0>],True,False,[]
Check_Type.MISSION,78,A Sobering Standoff,63,False,True,False,[<Canon.CREATION: 0>],True,False,[]
Check_Type.MISSION,79,The Raid on Tokyo,60,False,True,False,[],True,False,[]
Check_Type.MISSION,80,In Defense of Tokyo,60,False,True,False,[],True,False,[]
Check_Type.MISSION,81,The Doctor's Last Wish,35,False,False,False,[],True,False,[]
Check_Type.MISSION,82,The Rage of a Queen,60,False,False,False,[],True,False,[]
Check_Type.MISSION,83,A Goddess in Training,62,False,False,False,[],True,False,[]
Check_Type.MISSION,86,Movin' on Up,61,False,False,False,[],True,False,[]
Check_Type.MISSION,87,A Preta Predicament,60,False,False,False,[],True,False,[]
Check_Type.MISSION,91,Defending Jozoji Temple,62,False,False,False,[],True,False,[]
Check_Type.MISSION,92,Eliminate Lahmu,62,False,False,False,[],True,False,[]
Check_Type.MISSION,93,Defeat the Demon King's Armies,63,False,False,False,[<Canon.CREATION: 0>],True,False,[]
Check_Type.MISSION,94,Escort the Prime Minister,60,False,False,False,[],True,False,[]
Check_Type.MISSION,95,To the Empyrean,35,False,False,True,[],True,False,[]
Check_Type.MISSION,108,Investigate the Anomalies in Tokyo,64,False,False,False,[<Canon.VENGEANCE: 1>],True,False,[]
Check_Type.MISSION,109,Investigate the Salt Incidents,64,False,False,False,[<Canon.VENGEANCE: 1>],True,False,[]
Check_Type.MISSION,111,Rescue Miyazu Atsuta,64,False,False,False,[<Canon.VENGEANCE: 1>],True,False,[]
Check_Type.MISSION,112,Investigate Jozoji Temple,64,False,False,False,[<Canon.VENGEANCE: 1>],True,False,[]
Check_Type.MISSION,113,Qadi≈°tu Showdown,64,False,False,False,[<Canon.VENGEANCE: 1>],True,False,[]
Check_Type.MISSION,114,Chase Through Shakan,38,False,False,False,[],True,False,[]
Check_Type.MISSION,138,Reclaim the Golden Stool,63,False,True,True,[],True,False,[]
Check_Type.MISSION,139,Liberate the Golden Stool,63,False,True,True,[],True,False,[]
Check_Type.MISSION,150,Beastly Battle of Wits,61,False,False,False,[],True,False,[]
Check_Type.MISSION,151,Brawny Ambitions,61,False,False,False,[],True,False,[]
Check_Type.MISSION,152,Guide to the Lost,62,False,False,False,[<Canon.VENGEANCE: 1>],True,False,[]
Check_Type.MISSION,153,Picture-Perfect Debut,64,False,False,False,[],True,False,[]
Check_Type.MISSION,155,Essential Research,62,False,False,False,[],True,False,[]
Check_Type.MISSION,156,Prince of Her Dreams,62,False,True,False,[],True,False,[]
Check_Type.MISSION,157,Supply Run,62,False,True,False,[<Canon.VENGEANCE: 1>],True,False,[]
Check_Type.MISSION,159,Heart of Garnet,63,False,False,False,[<Canon.VENGEANCE: 1>],True,False,[]
Check_Type.MISSION,160,Song of Nostalgia,62,False,False,False,[],True,False,[]
Check_Type.MISSION,161,Tough Love,62,False,False,False,[],True,False,[]
Check_Type.MISSION,162,In Pursuit of Knowledge,62,False,True,False,[],True,False,[]
Check_Type.MISSION,164,Miracle Research,63,False,False,False,[],True,False,[]
Check_Type.MISSION,165,Guardian of Tokyo,60,False,False,False,[],True,False,[]
Check_Type.MISSION,166,Training: Minato,61,False,False,False,[],True,False,[]
Check_Type.MISSION,167,Home Sweet Home,61,False,False,False,[],True,False,[]
Check_Type.MISSION,169,The One I (Still) Love,64,False,False,False,[<Canon.CREATION: 0>],True,False,[]
Check_Type.MISSION,170,She Who Rules the Night,61,False,False,False,[],True,False,[]
Check_Type.MISSION,171,A Self of My Own,64,False,False,False,[<Canon.VENGEANCE: 1>],True,False,[]
Check_Type.MISSION,172,Rite of Resurrection,60,False,False,False,[<Canon.VENGEANCE: 1>],True,False,[]
Check_Type.MISSION,174,Special Training: Army of Chaos,38,False,False,False,[<Canon.VENGEANCE: 1>],True,False,[]
Check_Type.MISSION,175,The Hunter in White,64,False,True,False,[<Canon.VENGEANCE: 1>],True,False,[]
Check_Type.MISSION,176,The Vampire in Black,64,False,True,False,[<Canon.VENGEANCE: 1>],True,False,[]
Check_Type.MISSION,177,As God Wills,64,False,False,False,[<Canon.VENGEANCE: 1>],True,False,[]
Check_Type.MISSION,178,A Star Is Born,64,False,False,False,[<Canon.VENGEANCE: 1>],True,False,[]
Check_Type.MISSION,181,Heroes of the Celts,60,False,False,False,[],True,False,[]
Check_Type.MISSION,183,Rascal of the Norse,60,False,False,False,[],True,False,[]
Check_Type.MISSION,184,Alice's Wonderland,64,False,False,False,[<Canon.VENGEANCE: 1>],True,False,[]
Check_Type.MISSION,185,Maker of Myth,60,False,False,False,[],True,False,[]
Check_Type.MISSION,186,To New Horizons,63,False,False,False,[],True,False,[]
Check_Type.MISSION,187,Trial of the Seven Stars,63,False,False,False,[<Canon.CREATION: 0>],True,False,[]
Check_Type.MISSION,188,The Serpent King,16,False,False,False,[<Canon.VENGEANCE: 1>],True,False,[]
Check_Type.MISSION,189,Supersonic Racing,62,False,False,False,[],True,False,[]
Check_Type.MISSION,190,The Great Adversary,16,False,False,False,[<Canon.VENGEANCE: 1>],True,False,[]
Check_Type.MISSION,191,Pixie on the Case,62,False,False,False,[],True,False,[]
Check_Type.MISSION,192,Infiltrate the Demon Feast,62,False,True,False,[],True,False,[]
Check_Type.MISSION,193,The Heartbroken,60,False,False,False,[<Canon.VENGEANCE: 1>],True,False,[]
Check_Type.MISSION,194,Devotion to Order,64,False,False,False,[<Canon.VENGEANCE: 1>],True,False,[]
Check_Type.MISSION,196,Wannabee-ho Nahobino,60,False,False,False,[],True,False,[]
Check_Type.MISSION,197,Brawny Ambitions II,62,False,False,False,[],True,False,[]
Check_Type.MISSION,198,Brawny Ambitions III,60,False,False,False,[],True,False,[]
Check_Type.MISSION,200,Shinjuku Jewel Hunt,64,False,False,False,[<Canon.VENGEANCE: 1>],True,False,[]
Check_Type.MISSION,201,Knocking on Death's Door,61,False,False,False,[],True,False,[]
Check_Type.MISSION,202,The Disgraced Bird God,64,False,False,False,[<Canon.VENGEANCE: 1>],True,False,[]
Check_Type.MISSION,203,Part-Time Gasser,64,False,False,False,[<Canon.VENGEANCE: 1>],True,False,[]
Check_Type.MISSION,204,Netherworld Relay Racing,63,False,False,False,[<Canon.CREATION: 0>],True,False,[]
Check_Type.MISSION,205,Goddesses of Fate,60,False,False,False,[],True,False,[]
Check_Type.MISSION,206,Will of the Samurai,63,False,False,False,[<Canon.CREATION: 0>],True,False,[]
Check_Type.MISSION,208,Sakura Cinders of the East,63,False,False,False,[],True,False,[]
Check_Type.MISSION,209,Holy Will and Profane Dissent,60,False,False,False,[],True,False,[]
Check_Type.MISSION,210,Heroes of Heaven and Earth,64,False,False,False,[<Canon.VENGEANCE: 1>],True,False,[]
Check_Type.MISSION,211,"God of Old, Devourer of Kin",60,False,False,False,[<Canon.VENGEANCE: 1>],True,False,[]
Check_Type.MISSION,212,Classified Courier,38,False,False,False,[],True,False,[]
Check_Type.MISSION,218,The Guardian of Light,60,False,False,True,[],True,False,[]
Check_Type.MISSION,-1,The Destined Leader (Bonus Reward),960,False,False,False,[],False,False,[]
Check_Type.MISSION,-2,The Seraph's Return (Bonus Reward),16,False,True,False,[],False,False,[]
Check_Type.MISSION,-3,The Red Dragon's Invitation (Bonus Reward),16,False,True,False,[],False,False,[]
Check_Type.MISSION,-4,Cursed Mermaids (Bonus Reward),61,False,False,False,[],False,False,[]
Check_Type.MISSION,-5,Picture-Perfect Debut (Bonus Reward),62,False,False,False,[],False,False,[]
Check_Type.MISSION,-6,Downtown Rock 'n Roll (Bonus Reward),60,False,False,False,[],False,False,[]
Check_Type.MISSION,-7,Keeper of the North (Bonus Reward),60,False,False,False,[<Canon.CREATION: 0>],False,False,[]
Check_Type.MISSION,-18,Keeper of the North (Bonus Reward),60,False,False,True,[],False,False,[]
Check_Type.MISSION,-8,Keeper of the West (Bonus Reward),60,False,False,False,[<Canon.CREATION: 0>],False,False,[]
Check_Type.MISSION,-9,Keeper of the South (Bonus Reward),60,False,False,False,[],False,False,[]
Check_Type.MISSION,-10,Keeper of the East (Bonus Reward),60,False,False,False,[],False,False,[]
Check_Type.MISSION,-11,A Plot Revealed (Bonus Reward),16,False,False,False,[],False,False,[]
Check_Type.MISSION,-12,Movin' on Up (Bonus Reward),61,False,False,False,[],False,False,[]
Check_Type.MISSION,-13,Gold Dragon's Arrival (Bonus Reward),60,False,False,False,[],False,False,[]
Check_Type.MISSION,-14,A Power Beyond Control (Bonus Reward),63,False,False,False,[],False,False,[]
Check_Type.MISSION,-15,Holy Will and Profane Dissent (Bonus Reward),16,False,False,False,[],False,False,[]
Check_Type.MISSION,-16,Sakura Cinders of the East (Periapt Event) (Bonus Reward),63,False,False,False,[],False,False,[]
Check_Type.MISSION,-17,Rascal of the Norse (Bonus Reward),60,False,False,False,[],False,False,[]
Check_Type.MISSION,-21,The Angel's Request (Bonus Reward),61,False,False,False,[],False,False,[]
Check_Type.GIFT,0,NPC Rakshasa (Jaki Talisman),61,False,False,True,[],False,False,[]
Check_Type.GIFT,1,NPC Slime (Foul Talisman),61,False,False,True,[],False,False,[]
Check_Type.GIFT,2,NPC Pixie (Pixie Periapt),61,False,False,False,[],False,False,[]
Check_Type.GIFT,3,NPC Jack Frost (Mischievous Mascot Periapt),63,False,False,True,[],False,False,[]
Check_Type.GIFT,4,NPC Nue (Wilder Talisman),62,False,False,True,[],False,False,[]
Check_Type.GIFT,5,NPC Angel (Divine Talisman),62,False,False,True,[],False,False,[]
Check_Type.GIFT,6,NPC Slime (Amorphous Periapt),62,False,False,False,[],False,False,[]
Check_Type.GIFT,7,NPC Yurlungur (Snake Talisman),63,False,False,False,[],False,False,[]
Check_Type.GIFT,8,NPC Setanta (Shadow Warrior Periapt),63,False,False,False,[],False,False,[]
Check_Type.GIFT,9,NPC Orthrus (Children of Echidna Periapt),60,False,False,False,[],False,False,[]
Check_Type.GIFT,10,NPC Ongyo-Ki (Elemental Oni Periapt),16,False,False,True,[],False,False,[]
Check_Type.GIFT,11,NPC Cait Sith (Grimalkin Periapt),62,False,False,False,[],False,False,[]
Check_Type.GIFT,12,Story Entering Taito (Panagia Talisman),60,False,False,True,[],False,False,[]
Check_Type.GIFT,13,Government Building (Qadistu Talisman),36,False,False,False,[<Canon.VENGEANCE: 1>],False,False,[]
Check_Type.GIFT,14,Government Building (Qadistu Periapt),36,False,False,False,[<Canon.VENGEANCE: 1>],False,False,[]
Check_Type.GIFT,15,Story Tsukuyomi Fusion (Tsukuyomi Talisman),36,False,False,False,[<Canon.VENGEANCE: 1>],False,False,[]
Check_Type.GIFT,16,Unlock Lucifer (Devil Talisman),16,False,True,False,[],False,False,[]
Check_Type.GIFT,17,100% Compendium (Twinned Throne Periapt),16,False,True,False,[],False,False,[]
Check_Type.GIFT,18,Story Gift from Dazai (Bead),63,False,False,False,[<Canon.VENGEANCE: 1>],False,False,[]
Check_Type.GIFT,19,Story Amanozako Gift (Bead),61,False,False,False,[],False,False,[]
Check_Type.GIFT,20,Koropokkur Jump (Revival Bead),62,True,False,False,[],False,False,[]
Check_Type.GIFT,21,Story Beating Vasuki/Beelzebub (Key of Austerity),60,False,False,True,[],False,False,[]
Check_Type.GIFT,22,Story Beating Zeus (Key of Benevolence),60,False,False,True,[],False,False,[]
Check_Type.GIFT,23,Story Beating Odin (Key of Harmony),60,False,False,True,[],False,False,[]
Check_Type.VENDING_MACHINE,0,Vending Machine 0,61,True,False,False,[],False,True,"[50, 35, 30]"
Check_Type.VENDING_MACHINE,1,Vending Machine 1,61,True,False,False,[],False,True,"[50, 40, 30]"
Check_Type.VENDING_MACHINE,2,Vending Machine 2,61,True,False,False,[],False,True,"[30, 35, 35]"
Check_Type.VENDING_MACHINE,3,Vending Machine 3,61,True,False,False,[],False,True,"[50, 20, 30]"
Check_Type.VENDING_MACHINE,4,Vending Machine 4,61,True,False,False,[],False,True,"[20, 30, 50]"
Check_Type.VENDING_MACHINE,5,Vending Machine 5,61,True,False,False,[],False,True,"[60, 20, 30]"
Check_Type.VENDING_MACHINE,6,Vending Machine 6,61,True,False,False,[],False,True,"[10, 45, 45]"
Check_Type.VENDING_MACHINE,7,Vending Machine 7,61,True,False,False,[],False,True,"[60, 10, 30]"
Check_Type.VENDING_MACHINE,8,Vending Machine 8,61,True,False,False,[],False,True,"[10, 60, 30]"
Check_Type.VENDING_MACHINE,9,Vending Machine 9,61,True,False,False,[],False,True,"[30, 40, 30]"
Check_Type.VENDING_MACHINE,10,Vending Machine 10,61,True,False,False,[],False,True,"[30, 20, 50]"
Check_Type.VENDING_MACHINE,11,Vending Machine 11,61,True,False,False,[],False,True,"[35, 35, 30]"
Check_Type.VENDING_MACHINE,12,Vending Machine 12,61,True,False,False,[],False,True,"[20, 40, 40]"
Check_Type.VENDING_MACHINE,13,Vending Machine 13,61,True,False,False,[],False,True,"[50, 20, 30]"
Check_Type.VENDING_MACHINE,14,Vending Machine 14,61,True,False,False,[],False,True,"[50, 20, 30]"
Check_Type.VENDING_MACHINE,15,Vending Machine 15,61,True,False,False,[],False,True,"[50, 20, 30]"
Check_Type.VENDING_MACHINE,16,Vending Machine 16,61,True,False,False,[],False,True,"[50, 20, 30]"
Check_Type.VENDING_MACHINE,17,Vending Machine 17,61,True,False,False,[],False,True,"[50, 20, 30]"
Check_Type.VENDING_MACHINE,18,Vending Machine 18,61,True,False,False,[],False,True,"[50, 20, 30]"
Check_Type.VENDING_MACHINE,19,Vending Machine 19,61,True,False,False,[],False,True,"[50, 10, 30]"
Check_Type.VENDING_MACHINE,20,Vending Machine 20,61,True,False,False,[],False,True,"[35, 35, 30]"
Check_Type.VENDING_MACHINE,21,Vending Machine 21,61,True,False,False,[],False,True,"[35, 35, 30]"
Check_Type.VENDING_MACHINE,22,Vending Machine 22,61,True,False,False,[],False,True,"[35, 35, 30]"
Check_Type.VENDING_MACHINE,23,Vending Machine 23,61,True,False,False,[],False,True,"[35, 35, 30]"
Check_Type.VENDING_MACHINE,24,Vending Machine 24,62,True,False,False,[],False,True,"[50, 30, 20]"
Check_Type.VENDING_MACHINE,25,Vending Machine 25,62,True,False,False,[],False,True,"[20, 60, 20]"
Check_Type.VENDING_MACHINE,26,Vending Machine 26,62,True,False,False,[],False,True,"[30, 60, 10]"
Check_Type.VENDING_MACHINE,27,Vending Machine 27,62,True,False,False,[],False,True,"[50, 20, 30]"
Check_Type.VENDING_MACHINE,28,Vending Machine 28,62,True,False,False,[],False,True,"[20, 30, 50]"
Check_Type.VENDING_MACHINE,29,Vending Machine 29,62,True,False,False,[],False,True,"[60, 20, 30]"
Check_Type.VENDING_MACHINE,30,Vending Machine 30,62,True,False,False,[],False,True,"[10, 20, 70]"
Check_Type.VENDING_MACHINE,31,Vending Machine 31,62,True,False,False,[],False,True,"[60, 10, 30]"
Check_Type.VENDING_MACHINE,32,Vending Machine 32,62,True,False,False,[],False,True,"[10, 60, 30]"
Check_Type.VENDING_MACHINE,33,Vending Machine 33,62,True,False,False,[],False,True,"[50, 20, 30]"
Check_Type.VENDING_MACHINE,34,Vending Machine 34,62,True,False,False,[],False,True,"[50, 40, 10]"
Check_Type.VENDING_MACHINE,35,Vending Machine 35,62,True,False,False,[],False,True,"[50, 40, 10]"
Check_Type.VENDING_MACHINE,36,Vending Machine 36,62,True,False,False,[],False,True,"[50, 20, 30]"
Check_Type.VENDING_MACHINE,37,Vending Machine 37,62,True,False,False,[],False,True,"[50, 30, 20]"
Check_Type.VENDING_MACHINE,38,Vending Machine 38,62,True,False,False,[],False,True,"[40, 40, 20]"
Check_Type.VENDING_MACHINE,39,Vending Machine 39,62,True,False,False,[],False,True,"[40, 40, 20]"
Check_Type.VENDING_MACHINE,40,Vending Machine 40,62,True,False,False,[],False,True,"[40, 40, 20]"
Check_Type.VENDING_MACHINE,41,Vending Machine 41,62,True,False,False,[],False,True,"[40, 20, 40]"
Check_Type.VENDING_MACHINE,42,Vending Machine 42,62,True,False,False,[],False,True,"[50, 10, 40]"
Check_Type.VENDING_MACHINE,43,Vending Machine 43,62,True,False,False,[],False,True,"[50, 10, 40]"
Check_Type.VENDING_MACHINE,44,Vending Machine 44,62,True,False,False,[],False,True,"[40, 30, 30]"
Check_Type.VENDING_MACHINE,45,Vending Machine 45,63,True,False,False,[],False,True,"[50, 20, 30]"
Check_Type.VENDING_MACHINE,46,Vending Machine 46,63,True,False,False,[],False,True,"[50, 20, 30]"
Check_Type.VENDING_MACHINE,47,Vending Machine 47,63,True,False,False,[],False,True,"[60, 30, 10]"
Check_Type.VENDING_MACHINE,48,Vending Machine 48,63,True,False,False,[],False,True,"[60, 10, 30]"
Check_Type.VENDING_MACHINE,49,Vending Machine 49,63,True,False,False,[],False,True,"[20, 30, 50]"
Check_Type.VENDING_MACHINE,50,Vending Machine 50,63,True,True,False,[],False,True,"[50, 20, 30]"
Check_Type.VENDING_MACHINE,51,Vending Machine 51,63,True,False,False,[],False,True,"[10, 20, 70]"
Check_Type.VENDING_MACHINE,52,Vending Machine 52,63,True,False,False,[],False,True,"[60, 10, 30]"
Check_Type.VENDING_MACHINE,53,Vending Machine 53,63,True,False,False,[],False,True,"[10, 60, 30]"
Check_Type.VENDING_MACHINE,54,Vending Machine 54,63,True,False,False,[],False,True,"[50, 20, 20]"
Check_Type.VENDING_MACHINE,55,Vending Machine 55,63,True,False,False,[],False,True,"[60, 20, 20]"
Check_Type.VENDING_MACHINE,56,Vending Machine 56,63,True,False,False,[],False,True,"[50, 30, 20]"
Check_Type.VENDING_MACHINE,57,Vending Machine 57,63,True,False,False,[],False,True,"[60, 10, 30]"
Check_Type.VENDING_MACHINE,58,Vending Machine 58,63,True,False,False,[],False,True,"[50, 10, 40]"
Check_Type.VENDING_MACHINE,59,Vending Machine 59,63,True,False,False,[],False,True,"[60, 30, 10]"
Check_Type.VENDING_MACHINE,60,Vending Machine 60,63,True,False,False,[],False,True,"[30, 40, 30]"
Check_Type.VENDING_MACHINE,61,Vending Machine 61,63,True,False,False,[],False,True,"[30, 30, 40]"
Check_Type.VENDING_MACHINE,62,Vending Machine 62,63,True,False,False,[],False,True,"[50, 20, 30]"
Check_Type.VENDING_MACHINE,63,Vending Machine 63,63,True,False,False,[],False,True,"[50, 20, 30]"
Check_Type.VENDING_MACHINE,64,Vending Machine 64,63,True,False,False,[],False,True,"[50, 30, 20]"
Check_Type.VENDING_MACHINE,65,Vending Machine 65,63,True,False,False,[],False,True,"[50, 40, 10]"
Check_Type.VENDING_MACHINE,66,Vending Machine 66,63,True,False,False,[],False,True,"[40, 30, 30]"
Check_Type.VENDING_MACHINE,67,Vending Machine 67,63,True,False,False,[],False,True,"[40, 30, 30]"
Check_Type.VENDING_MACHINE,68,Vending Machine 68,63,True,False,False,[],False,True,"[40, 30, 30]"
Check_Type.VENDING_MACHINE,69,Vending Machine 69,63,True,False,False,[],False,True,"[70, 10, 20]"
Check_Type.VENDING_MACHINE,70,Vending Machine 70,60,True,False,False,[],False,True,"[50, 20, 30]"
Check_Type.VENDING_MACHINE,71,Vending Machine 71,60,True,False,False,[],False,True,"[50, 40, 10]"
Check_Type.VENDING_MACHINE,72,Vending Machine 72,60,True,False,False,[],False,True,"[50, 30, 20]"
Check_Type.VENDING_MACHINE,73,Vending Machine 73,60,True,False,False,[],False,True,"[50, 20, 30]"
Check_Type.VENDING_MACHINE,74,Vending Machine 74,60,True,False,False,[],False,True,"[10, 40, 50]"
Check_Type.VENDING_MACHINE,75,Vending Machine 75,60,True,False,False,[],False,True,"[10, 30, 60]"
Check_Type.VENDING_MACHINE,76,Vending Machine 76,60,True,False,False,[],False,True,"[10, 20, 70]"
Check_Type.VENDING_MACHINE,77,Vending Machine 77,60,True,False,False,[],False,True,"[10, 50, 40]"
Check_Type.VENDING_MACHINE,78,Vending Machine 78,60,True,False,False,[],False,True,"[10, 70, 20]"
Check_Type.VENDING_MACHINE,79,Vending Machine 79,60,True,False,False,[],False,True,"[50, 30, 20]"
Check_Type.VENDING_MACHINE,80,Vending Machine 80,60,True,False,False,[],False,True,"[50, 30, 20]"
Check_Type.VENDING_MACHINE,81,Vending Machine 81,60,True,False,False,[],False,True,"[50, 30, 20]"
Check_Type.VENDING_MACHINE,82,Vending Machine 82,60,True,False,False,[],False,True,"[50, 30, 20]"
Check_Type.VENDING_MACHINE,83,Vending Machine 83,60,True,False,False,[],False,True,"[50, 30, 20]"
Check_Type.VENDING_MACHINE,84,Vending Machine 84,60,True,False,False,[],False,True,"[50, 30, 20]"
Check_Type.VENDING_MACHINE,85,Vending Machine 85,60,True,False,False,[],False,True,"[50, 30, 20]"
Check_Type.VENDING_MACHINE,86,Vending Machine 86,60,True,False,False,[],False,True,"[50, 30, 20]"
Check_Type.VENDING_MACHINE,87,Vending Machine 87,60,True,False,False,[],False,True,"[50, 10, 40]"
Check_Type.VENDING_MACHINE,88,Vending Machine 88,60,True,False,False,[],False,True,"[50, 10, 40]"
Check_Type.VENDING_MACHINE,89,Vending Machine 89,60,True,False,False,[],False,True,"[50, 20, 30]"
Check_Type.VENDING_MACHINE,90,Vending Machine 90,60,True,False,False,[],False,True,"[50, 10, 40]"
Check_Type.VENDING_MACHINE,91,Vending Machine 91,60,True,False,False,[],False,True,"[50, 10, 40]"
Check_Type.VENDING_MACHINE,92,Vending Machine 92,60,True,False,False,[],False,True,"[50, 10, 40]"
Check_Type.VENDING_MACHINE,93,Vending Machine 93,60,True,False,False,[],False,True,"[50, 10, 40]"
Check_Type.VENDING_MACHINE,94,Vending Machine 94,64,True,False,False,[],False,True,"[50, 20, 30]"
Check_Type.VENDING_MACHINE,95,Vending Machine 95,64,True,False,False,[],False,True,"[50, 20, 30]"
Check_Type.VENDING_MACHINE,96,Vending Machine 96,64,True,False,False,[],False,True,"[60, 30, 10]"
Check_Type.VENDING_MACHINE,97,Vending Machine 97,64,True,False,False,[],False,True,"[60, 30, 10]"
Check_Type.VENDING_MACHINE,98,Vending Machine 98,64,True,False,False,[],False,True,"[40, 30, 30]"
Check_Type.VENDING_MACHINE,99,Vending Machine 99,64,True,False,False,[],False,True,"[60, 30, 10]"
Check_Type.VENDING_MACHINE,100,Vending Machine 100,64,True,False,False,[],False,True,"[40, 30, 30]"
Check_Type.VENDING_MACHINE,101,Vending Machine 101,64,True,False,False,[],False,True,"[60, 30, 10]"
Check_Type.VENDING_MACHINE,102,Vending Machine 102,64,True,False,False,[],False,True,"[30, 20, 50]"
Check_Type.VENDING_MACHINE,103,Vending Machine 103,64,True,False,False,[],False,True,"[20, 60, 20]"
Check_Type.VENDING_MACHINE,104,Vending Machine 104,64,True,False,False,[],False,True,"[10, 60, 30]"
Check_Type.VENDING_MACHINE,105,Vending Machine 105,64,True,False,False,[],False,True,"[60, 30, 10]"
Check_Type.VENDING_MACHINE,106,Vending Machine 106,64,True,False,False,[],False,True,"[30, 60, 10]"
Check_Type.VENDING_MACHINE,107,Vending Machine 107,64,True,False,False,[],False,True,"[30, 60, 10]"
Check_Type.VENDING_MACHINE,108,Vending Machine 108,64,True,False,False,[],False,True,"[20, 20, 60]"
Check_Type.VENDING_MACHINE,109,Vending Machine 109,64,True,False,False,[],False,True,"[20, 30, 50]"
Check_Type.VENDING_MACHINE,110,Vending Machine 110,64,True,False,False,[],False,True,"[40, 20, 40]"
Check_Type.VENDING_MACHINE,111,Vending Machine 111,64,True,False,False,[],False,True,"[40, 40, 20]"
Check_Type.VENDING_MACHINE,112,Vending Machine 112,64,True,False,False,[],False,True,"[10, 30, 60]"
Check_Type.VENDING_MACHINE,113,Vending Machine 113,64,True,False,False,[],False,True,"[30, 10, 60]"
Check_Type.VENDING_MACHINE,114,Vending Machine 114,64,True,False,False,[],False,True,"[50, 40, 10]"
Check_Type.VENDING_MACHINE,115,Vending Machine 115,64,True,False,False,[],False,True,"[40, 30, 30]"
Check_Type.VENDING_MACHINE,116,Vending Machine 116,64,True,False,False,[],False,True,"[40, 30, 30]"
Check_Type.VENDING_MACHINE,117,Vending Machine 117,64,True,False,False,[],False,True,"[40, 30, 30]"
Check_Type.VENDING_MACHINE,118,Vending Machine 118,64,True,False,False,[],False,True,"[40, 30, 30]"
Check_Type.VENDING_MACHINE,119,Vending Machine 119,64,True,False,False,[],False,True,"[40, 30, 30]"
Check_Type.VENDING_MACHINE,120,Vending Machine 120,64,True,False,False,[],False,True,"[20, 60, 20]"
Check_Type.VENDING_MACHINE,121,Vending Machine 121,64,True,False,False,[],False,True,"[30, 60, 10]"
Check_Type.VENDING_MACHINE,122,Vending Machine 122,64,True,False,False,[],False,True,"[40, 30, 30]"
Check_Type.VENDING_MACHINE,123,Vending Machine 123,64,True,False,False,[],False,True,"[20, 30, 50]"
